{"stats":{"minecraft:custom":{"minecraft:open_chest":4,"minecraft:time_since_rest":1092,"minecraft:play_time":7512,"minecraft:crouch_one_cm":136,"minecraft:sprint_one_cm":22053,"minecraft:damage_taken":60,"minecraft:walk_one_cm":16574,"minecraft:sneak_time":27,"minecraft:drop":36,"minecraft:jump":211,"minecraft:leave_game":2,"minecraft:time_since_death":7512,"minecraft:sleep_in_bed":1,"minecraft:total_world_time":7512,"minecraft:interact_with_crafting_table":1,"minecraft:fall_one_cm":2976,"minecraft:fly_one_cm":47728},"minecraft:crafted":{"minecraft:bread":6},"minecraft:mined":{"minecraft:short_grass":2,"minecraft:grass_block":24,"minecraft:spruce_planks":1,"minecraft:dirt_path":13,"minecraft:dirt":7,"minecraft:wheat":19},"minecraft:dropped":{"minecraft:bread":3,"minecraft:dirt":30,"minecraft:wheat_seeds":31,"minecraft:wheat":1},"minecraft:used":{"minecraft:wheat_seeds":20,"minecraft:dirt":1,"minecraft:diamond_shovel":49,"minecraft:bread":3,"minecraft:spruce_planks":1,"minecraft:diamond_axe":2},"minecraft:picked_up":{"minecraft:wheat":19,"minecraft:diamond_shovel":1,"minecraft:wheat_seeds":51,"minecraft:diamond_sword":1,"minecraft:spruce_planks":1,"minecraft:diamond_axe":1,"minecraft:bread":64,"minecraft:dirt":31}},"DataVersion":3953}