{"stats":{"minecraft:picked_up":{"minecraft:wheat":19,"minecraft:azure_bluet":4,"minecraft:diamond_sword":1,"minecraft:dandelion":46,"minecraft:gravel":3,"minecraft:dirt":1754,"minecraft:cornflower":4,"minecraft:diamond_shovel":1,"minecraft:wheat_seeds":112,"minecraft:spruce_planks":1,"minecraft:diamond_axe":1,"minecraft:poppy":8,"minecraft:bread":64},"minecraft:crafted":{"minecraft:bread":6},"minecraft:dropped":{"minecraft:bread":3,"minecraft:dirt":30,"minecraft:wheat_seeds":31,"minecraft:wheat":1},"minecraft:used":{"minecraft:wheat_seeds":20,"minecraft:diamond_shovel":4946,"minecraft:bread":5,"minecraft:spruce_planks":1,"minecraft:diamond_axe":2,"minecraft:dirt":61},"minecraft:broken":{"minecraft:diamond_shovel":4},"minecraft:custom":{"minecraft:time_since_rest":22388,"minecraft:sprint_one_cm":58882,"minecraft:damage_taken":90,"minecraft:walk_one_cm":157702,"minecraft:drop":36,"minecraft:damage_dealt":55,"minecraft:swim_one_cm":1645,"minecraft:interact_with_crafting_table":1,"minecraft:fly_one_cm":82795,"minecraft:open_chest":8,"minecraft:crouch_one_cm":136,"minecraft:play_time":28808,"minecraft:sneak_time":61,"minecraft:walk_under_water_one_cm":38,"minecraft:jump":424,"minecraft:leave_game":4,"minecraft:walk_on_water_one_cm":9849,"minecraft:time_since_death":28808,"minecraft:sleep_in_bed":1,"minecraft:total_world_time":28808,"minecraft:fall_one_cm":6127},"minecraft:mined":{"minecraft:spruce_planks":1,"minecraft:wheat":19,"minecraft:dandelion":5,"minecraft:azure_bluet":1,"minecraft:short_grass":63,"minecraft:grass_block":2641,"minecraft:dirt_path":17,"minecraft:gravel":4,"minecraft:dirt":2214,"minecraft:tall_grass":2}},"DataVersion":3953}