{"stats":{"minecraft:custom":{"minecraft:time_since_rest":1250,"minecraft:deaths":1,"minecraft:crouch_one_cm":376,"minecraft:play_time":11362,"minecraft:sprint_one_cm":12098,"minecraft:damage_taken":309,"minecraft:walk_one_cm":92354,"minecraft:sneak_time":174,"minecraft:mob_kills":1,"minecraft:drop":2,"minecraft:jump":116,"minecraft:damage_dealt":90,"minecraft:time_since_death":1220,"minecraft:walk_on_water_one_cm":73,"minecraft:total_world_time":11362,"minecraft:fall_one_cm":3915,"minecraft:fly_one_cm":14387},"minecraft:mined":{"minecraft:short_grass":16,"minecraft:grass_block":362,"minecraft:gravel":2,"minecraft:dirt":1357,"minecraft:tall_grass":1},"minecraft:killed":{"minecraft:sheep":1},"minecraft:dropped":{"minecraft:dirt":64,"minecraft:iron_shovel":1},"minecraft:used":{"minecraft:dirt":62,"minecraft:diamond_shovel":1329,"minecraft:iron_shovel":417},"minecraft:picked_up":{"minecraft:diamond_shovel":4,"minecraft:iron_shovel":7,"minecraft:wheat_seeds":41,"minecraft:dandelion":20,"minecraft:flint":1,"minecraft:bread":64,"minecraft:poppy":2,"minecraft:white_wool":2,"minecraft:cornflower":2,"minecraft:dirt":3061,"minecraft:string":2,"minecraft:cobblestone":22}},"DataVersion":3953}