{"stats":{"minecraft:custom":{"minecraft:interact_with_anvil":1,"minecraft:mob_kills":9,"minecraft:interact_with_crafting_table":2,"minecraft:leave_game":5,"minecraft:time_since_death":2434,"minecraft:sleep_in_bed":2,"minecraft:climb_one_cm":1470,"minecraft:time_since_rest":2890,"minecraft:sprint_one_cm":193777,"minecraft:damage_taken":2508,"minecraft:walk_one_cm":405865,"minecraft:drop":67,"minecraft:damage_dealt":1158,"minecraft:swim_one_cm":31755,"minecraft:talked_to_villager":2,"minecraft:fly_one_cm":119029,"minecraft:open_chest":25,"minecraft:crouch_one_cm":1417,"minecraft:play_time":77509,"minecraft:deaths":8,"minecraft:sneak_time":726,"minecraft:walk_under_water_one_cm":6688,"minecraft:jump":1058,"minecraft:walk_on_water_one_cm":16919,"minecraft:total_world_time":77509,"minecraft:interact_with_smoker":1,"minecraft:fall_one_cm":35254},"minecraft:crafted":{"minecraft:oak_planks":12,"minecraft:crafting_table":1,"minecraft:spruce_planks":256,"minecraft:yellow_bed":2,"minecraft:white_bed":3},"minecraft:mined":{"minecraft:podzol":5,"minecraft:spruce_planks":1,"minecraft:white_bed":1,"minecraft:glass_pane":3,"minecraft:oak_door":1,"minecraft:oak_fence":10,"minecraft:short_grass":90,"minecraft:grass_block":969,"minecraft:poppy":1,"minecraft:nether_quartz_ore":7,"minecraft:tall_grass":6,"minecraft:spruce_leaves":8,"minecraft:oak_planks":4,"minecraft:diorite":2,"minecraft:wall_torch":1,"minecraft:tall_seagrass":2,"minecraft:glowstone":1,"minecraft:yellow_wool":6,"minecraft:iron_ore":2,"minecraft:fire":9,"minecraft:sweet_berry_bush":1,"minecraft:spruce_log":72,"minecraft:andesite":8,"minecraft:azure_bluet":1,"minecraft:oak_log":13,"minecraft:dirt_path":4,"minecraft:oak_stairs":28,"minecraft:gravel":2,"minecraft:dirt":3358,"minecraft:stone":17,"minecraft:netherrack":126,"minecraft:white_wool":6},"minecraft:killed":{"minecraft:salmon":2,"minecraft:sheep":6,"minecraft:donkey":1},"minecraft:dropped":{"minecraft:oak_door":1,"minecraft:water_bucket":1,"minecraft:wheat_seeds":2,"minecraft:oak_planks":1,"minecraft:diamond_shovel":3,"minecraft:oxeye_daisy":1,"minecraft:poppy":1,"minecraft:dirt":803,"minecraft:spruce_planks":1,"minecraft:cornflower":1,"minecraft:oak_stairs":1,"minecraft:iron_pickaxe":1,"minecraft:iron_shovel":2,"minecraft:string":1,"minecraft:white_wool":20},"minecraft:used":{"minecraft:water_bucket":4,"minecraft:iron_shovel":525,"minecraft:spruce_planks":1,"minecraft:diamond_axe":182,"minecraft:netherrack":16,"minecraft:dirt":405,"minecraft:mutton":4,"minecraft:crafting_table":1,"minecraft:white_bed":2,"minecraft:spruce_log":3,"minecraft:oak_log":1,"minecraft:diamond_pickaxe":29,"minecraft:diamond_shovel":3840,"minecraft:oak_stairs":20,"minecraft:bread":4,"minecraft:iron_pickaxe":133,"minecraft:bucket":3,"minecraft:yellow_bed":1},"minecraft:killed_by":{"minecraft:skeleton":1},"minecraft:broken":{"minecraft:iron_shovel":1,"minecraft:diamond_shovel":2},"minecraft:picked_up":{"minecraft:yellow_wool":6,"minecraft:water_bucket":1,"minecraft:salmon":4,"minecraft:oak_stairs":42,"minecraft:flint":1,"minecraft:oak_log":5,"minecraft:golden_sword":2,"minecraft:cornflower":3,"minecraft:dirt":7547,"minecraft:string":3,"minecraft:iron_shovel":11,"minecraft:wheat_seeds":63,"minecraft:gold_nugget":7,"minecraft:spruce_planks":251,"minecraft:iron_ingot":8,"minecraft:light_gray_wool":2,"minecraft:poppy":4,"minecraft:iron_pickaxe":2,"minecraft:glowstone_dust":3,"minecraft:oak_planks":1,"minecraft:egg":1,"minecraft:stick":4,"minecraft:raw_iron":4,"minecraft:oak_door":1,"minecraft:oak_fence":18,"minecraft:quartz":7,"minecraft:dandelion":42,"minecraft:spruce_sapling":3,"minecraft:diorite":2,"minecraft:white_bed":1,"minecraft:spruce_log":69,"minecraft:diamond_shovel":8,"minecraft:rotten_flesh":10,"minecraft:diamond_axe":2,"minecraft:bread":92,"minecraft:netherrack":152,"minecraft:mutton":9,"minecraft:cobblestone":156,"minecraft:white_wool":28,"minecraft:diamond_pickaxe":2,"minecraft:oxeye_daisy":1}},"DataVersion":3953}