{"stats":{"minecraft:custom":{"minecraft:interact_with_anvil":1,"minecraft:mob_kills":8,"minecraft:interact_with_crafting_table":1,"minecraft:leave_game":3,"minecraft:time_since_death":8854,"minecraft:sleep_in_bed":2,"minecraft:climb_one_cm":1470,"minecraft:time_since_rest":8928,"minecraft:sprint_one_cm":150572,"minecraft:damage_taken":1944,"minecraft:walk_one_cm":369848,"minecraft:drop":65,"minecraft:damage_dealt":1118,"minecraft:swim_one_cm":28514,"minecraft:talked_to_villager":2,"minecraft:fly_one_cm":92735,"minecraft:open_chest":22,"minecraft:crouch_one_cm":1245,"minecraft:play_time":66322,"minecraft:deaths":6,"minecraft:sneak_time":708,"minecraft:walk_under_water_one_cm":6420,"minecraft:jump":866,"minecraft:walk_on_water_one_cm":14060,"minecraft:interact_with_smoker":1,"minecraft:total_world_time":66322,"minecraft:fall_one_cm":31047},"minecraft:crafted":{"minecraft:oak_planks":12,"minecraft:yellow_bed":2,"minecraft:white_bed":2},"minecraft:mined":{"minecraft:podzol":5,"minecraft:spruce_planks":1,"minecraft:white_bed":1,"minecraft:glass_pane":2,"minecraft:oak_door":1,"minecraft:oak_fence":10,"minecraft:short_grass":47,"minecraft:grass_block":969,"minecraft:tall_grass":3,"minecraft:spruce_leaves":8,"minecraft:oak_planks":4,"minecraft:diorite":2,"minecraft:wall_torch":1,"minecraft:tall_seagrass":2,"minecraft:glowstone":1,"minecraft:yellow_wool":6,"minecraft:iron_ore":2,"minecraft:sweet_berry_bush":1,"minecraft:spruce_log":72,"minecraft:andesite":8,"minecraft:azure_bluet":1,"minecraft:oak_log":13,"minecraft:oak_stairs":28,"minecraft:gravel":2,"minecraft:dirt":3358,"minecraft:stone":17,"minecraft:white_wool":6},"minecraft:killed":{"minecraft:salmon":1,"minecraft:sheep":6,"minecraft:donkey":1},"minecraft:dropped":{"minecraft:oak_door":1,"minecraft:water_bucket":1,"minecraft:wheat_seeds":2,"minecraft:oak_planks":1,"minecraft:diamond_shovel":3,"minecraft:oxeye_daisy":1,"minecraft:poppy":1,"minecraft:dirt":803,"minecraft:cornflower":1,"minecraft:oak_stairs":1,"minecraft:iron_shovel":2,"minecraft:string":1,"minecraft:white_wool":20},"minecraft:used":{"minecraft:water_bucket":4,"minecraft:iron_shovel":525,"minecraft:spruce_planks":1,"minecraft:diamond_axe":177,"minecraft:netherrack":16,"minecraft:dirt":405,"minecraft:white_bed":1,"minecraft:spruce_log":3,"minecraft:oak_log":1,"minecraft:diamond_pickaxe":29,"minecraft:diamond_shovel":3840,"minecraft:oak_stairs":20,"minecraft:bread":4,"minecraft:bucket":3,"minecraft:yellow_bed":1},"minecraft:killed_by":{"minecraft:skeleton":1},"minecraft:broken":{"minecraft:iron_shovel":1,"minecraft:diamond_shovel":2},"minecraft:picked_up":{"minecraft:salmon":1,"minecraft:yellow_wool":6,"minecraft:water_bucket":1,"minecraft:oak_stairs":42,"minecraft:flint":1,"minecraft:oak_log":5,"minecraft:string":3,"minecraft:cornflower":3,"minecraft:dirt":7542,"minecraft:iron_shovel":11,"minecraft:wheat_seeds":57,"minecraft:gold_nugget":5,"minecraft:spruce_planks":1,"minecraft:iron_ingot":8,"minecraft:poppy":4,"minecraft:light_gray_wool":2,"minecraft:glowstone_dust":3,"minecraft:oak_planks":1,"minecraft:stick":2,"minecraft:raw_iron":4,"minecraft:oak_door":1,"minecraft:oak_fence":9,"minecraft:dandelion":42,"minecraft:spruce_sapling":3,"minecraft:diorite":2,"minecraft:white_bed":1,"minecraft:spruce_log":69,"minecraft:diamond_shovel":8,"minecraft:rotten_flesh":9,"minecraft:diamond_axe":1,"minecraft:bread":92,"minecraft:netherrack":16,"minecraft:mutton":9,"minecraft:diamond_pickaxe":2,"minecraft:white_wool":24,"minecraft:cobblestone":156,"minecraft:oxeye_daisy":1}},"DataVersion":3953}