{"stats":{"minecraft:custom":{"minecraft:time_since_rest":423,"minecraft:sprint_one_cm":85437,"minecraft:damage_taken":1420,"minecraft:walk_one_cm":307452,"minecraft:mob_kills":1,"minecraft:interact_with_anvil":1,"minecraft:drop":65,"minecraft:damage_dealt":319,"minecraft:swim_one_cm":10222,"minecraft:fly_one_cm":45891,"minecraft:talked_to_villager":1,"minecraft:open_chest":14,"minecraft:play_time":47097,"minecraft:crouch_one_cm":1133,"minecraft:deaths":4,"minecraft:sneak_time":483,"minecraft:walk_under_water_one_cm":2561,"minecraft:jump":562,"minecraft:sleep_in_bed":2,"minecraft:climb_one_cm":1470,"minecraft:leave_game":2,"minecraft:time_since_death":5473,"minecraft:walk_on_water_one_cm":10465,"minecraft:total_world_time":47097,"minecraft:interact_with_smoker":1,"minecraft:fall_one_cm":21092},"minecraft:mined":{"minecraft:white_bed":1,"minecraft:glass_pane":1,"minecraft:oak_door":1,"minecraft:iron_ore":2,"minecraft:andesite":8,"minecraft:short_grass":39,"minecraft:grass_block":969,"minecraft:oak_log":7,"minecraft:oak_stairs":28,"minecraft:gravel":2,"minecraft:dirt":3357,"minecraft:tall_grass":3,"minecraft:stone":17,"minecraft:oak_planks":4,"minecraft:diorite":2},"minecraft:killed":{"minecraft:sheep":1},"minecraft:dropped":{"minecraft:oak_door":1,"minecraft:water_bucket":1,"minecraft:poppy":1,"minecraft:dirt":803,"minecraft:wheat_seeds":2,"minecraft:cornflower":1,"minecraft:oak_stairs":1,"minecraft:oak_planks":1,"minecraft:diamond_shovel":3,"minecraft:iron_shovel":2,"minecraft:string":1,"minecraft:white_wool":20,"minecraft:oxeye_daisy":1},"minecraft:used":{"minecraft:oak_log":1,"minecraft:water_bucket":4,"minecraft:diamond_pickaxe":29,"minecraft:diamond_shovel":3840,"minecraft:iron_shovel":525,"minecraft:oak_stairs":20,"minecraft:bread":4,"minecraft:diamond_axe":51,"minecraft:dirt":385,"minecraft:bucket":3,"minecraft:white_bed":1},"minecraft:killed_by":{"minecraft:skeleton":1},"minecraft:broken":{"minecraft:iron_shovel":1,"minecraft:diamond_shovel":2},"minecraft:picked_up":{"minecraft:raw_iron":4,"minecraft:oak_door":1,"minecraft:water_bucket":1,"minecraft:dandelion":42,"minecraft:oak_stairs":42,"minecraft:flint":1,"minecraft:oak_log":1,"minecraft:diorite":2,"minecraft:white_bed":1,"minecraft:cornflower":3,"minecraft:dirt":7536,"minecraft:string":3,"minecraft:diamond_shovel":8,"minecraft:iron_shovel":11,"minecraft:wheat_seeds":56,"minecraft:diamond_axe":1,"minecraft:poppy":3,"minecraft:bread":92,"minecraft:oak_planks":1,"minecraft:oxeye_daisy":1,"minecraft:white_wool":15,"minecraft:cobblestone":156,"minecraft:diamond_pickaxe":2}},"DataVersion":3953}