{"stats":{"minecraft:custom":{"minecraft:time_since_rest":3373,"minecraft:sprint_one_cm":51697,"minecraft:damage_taken":883,"minecraft:walk_one_cm":234008,"minecraft:interact_with_anvil":1,"minecraft:mob_kills":1,"minecraft:drop":12,"minecraft:damage_dealt":309,"minecraft:swim_one_cm":1922,"minecraft:talked_to_villager":1,"minecraft:fly_one_cm":31883,"minecraft:open_chest":7,"minecraft:crouch_one_cm":934,"minecraft:play_time":35362,"minecraft:deaths":2,"minecraft:sneak_time":258,"minecraft:walk_under_water_one_cm":96,"minecraft:jump":423,"minecraft:walk_on_water_one_cm":1781,"minecraft:time_since_death":3342,"minecraft:total_world_time":35362,"minecraft:interact_with_smoker":1,"minecraft:fall_one_cm":12914},"minecraft:mined":{"minecraft:glass_pane":1,"minecraft:white_bed":1,"minecraft:oak_door":1,"minecraft:short_grass":28,"minecraft:oak_log":7,"minecraft:grass_block":648,"minecraft:oak_stairs":28,"minecraft:gravel":2,"minecraft:dirt":2879,"minecraft:tall_grass":3,"minecraft:oak_planks":4},"minecraft:killed":{"minecraft:sheep":1},"minecraft:dropped":{"minecraft:oak_door":1,"minecraft:poppy":1,"minecraft:dirt":64,"minecraft:wheat_seeds":2,"minecraft:cornflower":1,"minecraft:oak_planks":1,"minecraft:oak_stairs":1,"minecraft:iron_shovel":1,"minecraft:white_wool":20},"minecraft:used":{"minecraft:oak_log":1,"minecraft:diamond_shovel":3133,"minecraft:iron_shovel":422,"minecraft:oak_stairs":20,"minecraft:bread":4,"minecraft:diamond_axe":51,"minecraft:dirt":377,"minecraft:white_bed":1},"minecraft:broken":{"minecraft:diamond_shovel":2},"minecraft:picked_up":{"minecraft:oak_door":1,"minecraft:dandelion":31,"minecraft:oak_stairs":35,"minecraft:flint":1,"minecraft:oak_log":1,"minecraft:white_bed":1,"minecraft:cornflower":3,"minecraft:string":3,"minecraft:dirt":5122,"minecraft:iron_shovel":10,"minecraft:diamond_shovel":5,"minecraft:wheat_seeds":50,"minecraft:diamond_axe":1,"minecraft:poppy":3,"minecraft:bread":92,"minecraft:oak_planks":1,"minecraft:white_wool":15,"minecraft:cobblestone":85}},"DataVersion":3953}