{"stats":{"minecraft:custom":{"minecraft:time_since_rest":13250,"minecraft:sprint_one_cm":30888,"minecraft:damage_taken":459,"minecraft:walk_one_cm":149322,"minecraft:interact_with_anvil":1,"minecraft:mob_kills":1,"minecraft:drop":9,"minecraft:damage_dealt":90,"minecraft:swim_one_cm":1922,"minecraft:talked_to_villager":1,"minecraft:fly_one_cm":26303,"minecraft:open_chest":7,"minecraft:crouch_one_cm":426,"minecraft:play_time":23362,"minecraft:deaths":1,"minecraft:sneak_time":178,"minecraft:walk_under_water_one_cm":96,"minecraft:jump":268,"minecraft:walk_on_water_one_cm":657,"minecraft:time_since_death":13220,"minecraft:total_world_time":23362,"minecraft:interact_with_smoker":1,"minecraft:fall_one_cm":7141},"minecraft:mined":{"minecraft:glass_pane":1,"minecraft:white_bed":1,"minecraft:oak_door":1,"minecraft:short_grass":16,"minecraft:oak_log":7,"minecraft:grass_block":399,"minecraft:oak_stairs":28,"minecraft:gravel":2,"minecraft:dirt":1704,"minecraft:tall_grass":1,"minecraft:oak_planks":4},"minecraft:killed":{"minecraft:sheep":1},"minecraft:dropped":{"minecraft:oak_door":1,"minecraft:dirt":64,"minecraft:cornflower":1,"minecraft:oak_planks":1,"minecraft:oak_stairs":1,"minecraft:iron_shovel":1,"minecraft:white_wool":20},"minecraft:used":{"minecraft:oak_log":1,"minecraft:diamond_shovel":1707,"minecraft:iron_shovel":417,"minecraft:oak_stairs":20,"minecraft:diamond_axe":40,"minecraft:dirt":126,"minecraft:white_bed":1},"minecraft:picked_up":{"minecraft:oak_door":1,"minecraft:dandelion":20,"minecraft:oak_stairs":28,"minecraft:flint":1,"minecraft:oak_log":1,"minecraft:white_bed":1,"minecraft:cornflower":3,"minecraft:string":2,"minecraft:dirt":3126,"minecraft:iron_shovel":7,"minecraft:diamond_shovel":4,"minecraft:wheat_seeds":43,"minecraft:poppy":2,"minecraft:bread":64,"minecraft:oak_planks":1,"minecraft:white_wool":15,"minecraft:cobblestone":22}},"DataVersion":3953}