{"stats":{"minecraft:broken":{"minecraft:wooden_axe":1},"minecraft:picked_up":{"minecraft:crafting_table":7,"minecraft:chest_minecart":1,"minecraft:andesite":10,"minecraft:leather":10,"minecraft:brown_wool":1,"minecraft:smoker":2,"minecraft:enchanted_book":1,"minecraft:oak_log":22,"minecraft:amethyst_block":2,"minecraft:lapis_lazuli":6,"minecraft:string":20,"minecraft:dirt":11,"minecraft:bone":1,"minecraft:bow":1,"minecraft:wheat_seeds":1,"minecraft:detector_rail":1,"minecraft:spruce_planks":3,"minecraft:beef":15,"minecraft:iron_ingot":5,"minecraft:calcite":2,"minecraft:light_gray_wool":1,"minecraft:oak_planks":54,"minecraft:furnace":2,"minecraft:smooth_basalt":2,"minecraft:raw_iron":78,"minecraft:sweet_berries":19,"minecraft:oak_fence":2,"minecraft:torch":4,"minecraft:porkchop":12,"minecraft:diorite":2,"minecraft:spruce_log":7,"minecraft:arrow":4,"minecraft:pumpkin_seeds":3,"minecraft:purple_bed":3,"minecraft:rotten_flesh":4,"minecraft:spruce_boat":1,"minecraft:hay_block":30,"minecraft:granite":7,"minecraft:black_wool":2,"minecraft:mutton":18,"minecraft:coal":58,"minecraft:rail":96,"minecraft:white_wool":9,"minecraft:cobblestone":64},"minecraft:crafted":{"minecraft:cooked_beef":15,"minecraft:oak_planks":88,"minecraft:cooked_porkchop":12,"minecraft:crafting_table":1,"minecraft:spruce_planks":56,"minecraft:iron_helmet":1,"minecraft:wooden_pickaxe":1,"minecraft:iron_sword":1,"minecraft:furnace":1,"minecraft:stone_axe":1,"minecraft:air":0,"minecraft:iron_chestplate":1,"minecraft:iron_boots":1,"minecraft:shield":1,"minecraft:iron_axe":1,"minecraft:stick":20,"minecraft:iron_ingot":32,"minecraft:iron_pickaxe":2,"minecraft:wooden_axe":2,"minecraft:iron_leggings":1,"minecraft:spruce_boat":1,"minecraft:torch":8},"minecraft:killed_by":{"minecraft:zombie":1},"minecraft:mined":{"minecraft:spruce_planks":3,"minecraft:smoker":2,"minecraft:crafting_table":7,"minecraft:torch":1,"minecraft:granite":7,"minecraft:short_grass":6,"minecraft:calcite":2,"minecraft:grass_block":5,"minecraft:tall_grass":1,"minecraft:cobblestone":6,"minecraft:oak_planks":1,"minecraft:diorite":3,"minecraft:amethyst_block":2,"minecraft:hay_block":31,"minecraft:purple_bed":4,"minecraft:furnace":2,"minecraft:iron_ore":53,"minecraft:sweet_berry_bush":8,"minecraft:spruce_log":7,"minecraft:andesite":2,"minecraft:oak_log":22,"minecraft:coal_ore":32,"minecraft:rail":92,"minecraft:dirt":6,"minecraft:cobweb":17,"minecraft:smooth_basalt":2,"minecraft:stone":46,"minecraft:white_wool":1,"minecraft:oak_leaves":14},"minecraft:killed":{"minecraft:pig":5,"minecraft:zombie_villager":1,"minecraft:spider":2,"minecraft:iron_golem":1,"minecraft:skeleton":1,"minecraft:sheep":12,"minecraft:zombie":5,"minecraft:cow":10},"minecraft:custom":{"minecraft:interact_with_furnace":16,"minecraft:mob_kills":39,"minecraft:interact_with_crafting_table":20,"minecraft:leave_game":1,"minecraft:time_since_death":59601,"minecraft:sleep_in_bed":2,"minecraft:time_since_rest":39637,"minecraft:sprint_one_cm":175555,"minecraft:damage_taken":1082,"minecraft:walk_one_cm":220371,"minecraft:damage_blocked_by_shield":1284,"minecraft:drop":24,"minecraft:damage_dealt":5803,"minecraft:swim_one_cm":14871,"minecraft:fly_one_cm":175624,"minecraft:open_chest":4,"minecraft:crouch_one_cm":17,"minecraft:play_time":63904,"minecraft:deaths":1,"minecraft:sneak_time":175,"minecraft:walk_under_water_one_cm":3281,"minecraft:boat_one_cm":7703,"minecraft:jump":1006,"minecraft:walk_on_water_one_cm":16096,"minecraft:interact_with_smoker":5,"minecraft:total_world_time":63904,"minecraft:fall_one_cm":19875},"minecraft:used":{"minecraft:oak_planks":1,"minecraft:shield":20,"minecraft:spruce_planks":3,"minecraft:wooden_pickaxe":6,"minecraft:iron_sword":29,"minecraft:iron_chestplate":1,"minecraft:white_wool":9,"minecraft:torch":1,"minecraft:crafting_table":7,"minecraft:smoker":1,"minecraft:spruce_boat":1,"minecraft:wooden_axe":56,"minecraft:iron_axe":10,"minecraft:bread":2,"minecraft:iron_pickaxe":248,"minecraft:iron_helmet":1,"minecraft:iron_boots":1,"minecraft:stone_axe":64,"minecraft:cobblestone":45,"minecraft:purple_bed":3,"minecraft:sweet_berries":26,"minecraft:furnace":2,"minecraft:iron_leggings":1,"minecraft:cooked_beef":8},"minecraft:dropped":{"minecraft:stone_axe":1,"minecraft:lapis_lazuli":6,"minecraft:detector_rail":1,"minecraft:oak_fence":1,"minecraft:rotten_flesh":4,"minecraft:light_gray_wool":1,"minecraft:amethyst_block":2,"minecraft:chest_minecart":1,"minecraft:granite":1,"minecraft:pumpkin_seeds":3,"minecraft:dirt":5,"minecraft:diorite":2,"minecraft:andesite":8,"minecraft:wooden_axe":1,"minecraft:brown_wool":1,"minecraft:wooden_pickaxe":1,"minecraft:iron_pickaxe":1,"minecraft:calcite":2,"minecraft:string":2,"minecraft:gold_ingot":1,"minecraft:smooth_basalt":2,"minecraft:black_wool":2}},"DataVersion":3953}