{"stats":{"minecraft:broken":{"minecraft:wooden_axe":1},"minecraft:picked_up":{"minecraft:crafting_table":3,"minecraft:sweet_berries":19,"minecraft:brown_wool":1,"minecraft:leather":10,"minecraft:smoker":1,"minecraft:porkchop":12,"minecraft:spruce_log":7,"minecraft:purple_bed":2,"minecraft:spruce_boat":1,"minecraft:hay_block":20,"minecraft:beef":15,"minecraft:light_gray_wool":1,"minecraft:black_wool":2,"minecraft:mutton":18,"minecraft:white_wool":8},"minecraft:used":{"minecraft:spruce_boat":1,"minecraft:wooden_axe":55,"minecraft:wooden_pickaxe":1,"minecraft:crafting_table":3,"minecraft:sweet_berries":17,"minecraft:purple_bed":1},"minecraft:killed_by":{"minecraft:zombie":1},"minecraft:killed":{"minecraft:sheep":12,"minecraft:pig":5,"minecraft:cow":10},"minecraft:mined":{"minecraft:hay_block":20,"minecraft:purple_bed":3,"minecraft:sweet_berry_bush":7,"minecraft:smoker":1,"minecraft:spruce_log":7,"minecraft:crafting_table":3,"minecraft:short_grass":5},"minecraft:crafted":{"minecraft:crafting_table":1,"minecraft:spruce_planks":28,"minecraft:stick":8,"minecraft:wooden_pickaxe":1,"minecraft:wooden_axe":2,"minecraft:spruce_boat":1},"minecraft:custom":{"minecraft:time_since_rest":10760,"minecraft:sprint_one_cm":52386,"minecraft:damage_taken":310,"minecraft:walk_one_cm":58090,"minecraft:mob_kills":27,"minecraft:damage_dealt":2486,"minecraft:swim_one_cm":13872,"minecraft:interact_with_crafting_table":3,"minecraft:fly_one_cm":87964,"minecraft:open_chest":4,"minecraft:crouch_one_cm":17,"minecraft:play_time":22217,"minecraft:deaths":1,"minecraft:sneak_time":9,"minecraft:walk_under_water_one_cm":2621,"minecraft:boat_one_cm":7703,"minecraft:jump":423,"minecraft:leave_game":1,"minecraft:time_since_death":17914,"minecraft:walk_on_water_one_cm":9710,"minecraft:sleep_in_bed":1,"minecraft:total_world_time":22217,"minecraft:fall_one_cm":8308}},"DataVersion":3953}