{"stats":{"minecraft:custom":{"minecraft:mob_kills":42,"minecraft:interact_with_crafting_table":26,"minecraft:leave_game":2,"minecraft:time_since_death":143192,"minecraft:climb_one_cm":1282,"minecraft:sprint_one_cm":418996,"minecraft:walk_one_cm":438991,"minecraft:damage_blocked_by_shield":1284,"minecraft:drop":83,"minecraft:talked_to_villager":35,"minecraft:play_time":147495,"minecraft:deaths":1,"minecraft:sneak_time":647,"minecraft:walk_under_water_one_cm":22340,"minecraft:boat_one_cm":137641,"minecraft:jump":2943,"minecraft:interact_with_brewingstand":3,"minecraft:walk_on_water_one_cm":48506,"minecraft:total_world_time":147495,"minecraft:interact_with_furnace":22,"minecraft:traded_with_villager":18,"minecraft:sleep_in_bed":11,"minecraft:time_since_rest":6880,"minecraft:damage_taken":2158,"minecraft:damage_dealt":6279,"minecraft:swim_one_cm":25721,"minecraft:fly_one_cm":520767,"minecraft:open_chest":21,"minecraft:crouch_one_cm":618,"minecraft:interact_with_smoker":6,"minecraft:fall_one_cm":74485},"minecraft:crafted":{"minecraft:oak_planks":88,"minecraft:furnace":1,"minecraft:iron_boots":1,"minecraft:iron_axe":1,"minecraft:chest":2,"minecraft:spruce_boat":1,"minecraft:cooked_beef":15,"minecraft:emerald":18,"minecraft:cooked_porkchop":12,"minecraft:crafting_table":2,"minecraft:spruce_planks":56,"minecraft:wooden_pickaxe":1,"minecraft:iron_helmet":1,"minecraft:iron_sword":1,"minecraft:bucket":1,"minecraft:stone_axe":1,"minecraft:air":0,"minecraft:cartography_table":1,"minecraft:iron_chestplate":1,"minecraft:paper":69,"minecraft:shield":1,"minecraft:stick":20,"minecraft:iron_ingot":36,"minecraft:iron_pickaxe":2,"minecraft:wooden_axe":2,"minecraft:iron_leggings":1,"minecraft:torch":8},"minecraft:mined":{"minecraft:spruce_planks":3,"minecraft:dark_oak_leaves":1,"minecraft:dark_oak_log":40,"minecraft:granite":7,"minecraft:grass_block":5,"minecraft:spruce_leaves":2,"minecraft:cartography_table":2,"minecraft:hay_block":31,"minecraft:furnace":3,"minecraft:iron_ore":56,"minecraft:andesite":2,"minecraft:gold_block":1,"minecraft:rail":92,"minecraft:stone":46,"minecraft:white_wool":1,"minecraft:tripwire":2,"minecraft:smoker":2,"minecraft:crafting_table":7,"minecraft:torch":1,"minecraft:short_grass":12,"minecraft:calcite":2,"minecraft:chest":1,"minecraft:tall_grass":1,"minecraft:cobblestone":6,"minecraft:sugar_cane":36,"minecraft:oak_planks":1,"minecraft:diorite":3,"minecraft:amethyst_block":2,"minecraft:purple_bed":8,"minecraft:sweet_berry_bush":8,"minecraft:spruce_log":7,"minecraft:oak_log":22,"minecraft:coal_ore":32,"minecraft:dirt":6,"minecraft:cobweb":17,"minecraft:smooth_basalt":2,"minecraft:oak_leaves":14},"minecraft:killed":{"minecraft:spider":2,"minecraft:skeleton":1,"minecraft:drowned":1,"minecraft:pig":5,"minecraft:zombie_villager":1,"minecraft:iron_golem":1,"minecraft:sheep":12,"minecraft:zombie":6,"minecraft:cow":10},"minecraft:dropped":{"minecraft:iron_ingot":4,"minecraft:wheat_seeds":6,"minecraft:lapis_lazuli":6,"minecraft:oak_fence":2,"minecraft:iron_helmet":1,"minecraft:cobblestone":6,"minecraft:amethyst_block":2,"minecraft:chest_minecart":1,"minecraft:granite":7,"minecraft:stick":3,"minecraft:flint":8,"minecraft:oxeye_daisy":1,"minecraft:dirt":11,"minecraft:diorite":2,"minecraft:brewing_stand":1,"minecraft:wooden_axe":1,"minecraft:brown_wool":1,"minecraft:iron_leggings":1,"minecraft:iron_pickaxe":1,"minecraft:paper":9,"minecraft:string":2,"minecraft:smooth_basalt":2,"minecraft:dandelion":4,"minecraft:gold_ingot":1,"minecraft:bone":1,"minecraft:stone_axe":1,"minecraft:kelp":16,"minecraft:sugar_cane":1,"minecraft:golden_chestplate":1,"minecraft:detector_rail":1,"minecraft:rotten_flesh":12,"minecraft:light_gray_wool":1,"minecraft:iron_boots":1,"minecraft:pumpkin_seeds":3,"minecraft:andesite":10,"minecraft:arrow":4,"minecraft:wooden_pickaxe":1,"minecraft:calcite":2,"minecraft:black_wool":2},"minecraft:used":{"minecraft:chest":3,"minecraft:spruce_planks":3,"minecraft:shield":20,"minecraft:iron_sword":43,"minecraft:iron_chestplate":1,"minecraft:torch":1,"minecraft:brewing_stand":1,"minecraft:obsidian":5,"minecraft:spruce_boat":5,"minecraft:wooden_axe":56,"minecraft:iron_axe":65,"minecraft:iron_helmet":1,"minecraft:iron_boots":1,"minecraft:sweet_berries":26,"minecraft:furnace":4,"minecraft:egg":1,"minecraft:cooked_beef":15,"minecraft:iron_leggings":1,"minecraft:water_bucket":53,"minecraft:oak_planks":3,"minecraft:cartography_table":4,"minecraft:wooden_pickaxe":6,"minecraft:white_wool":9,"minecraft:crafting_table":9,"minecraft:smoker":1,"minecraft:bread":2,"minecraft:string":2,"minecraft:iron_pickaxe":253,"minecraft:stone_axe":64,"minecraft:cobblestone":47,"minecraft:purple_bed":7,"minecraft:cooked_porkchop":9,"minecraft:bucket":54},"minecraft:broken":{"minecraft:wooden_axe":1},"minecraft:killed_by":{"minecraft:zombie":1},"minecraft:picked_up":{"minecraft:crafting_table":7,"minecraft:chest_minecart":1,"minecraft:gold_block":1,"minecraft:enchanted_book":1,"minecraft:brewing_stand":1,"minecraft:amethyst_block":2,"minecraft:string":1085,"minecraft:diamond_leggings":1,"minecraft:cartography_table":3,"minecraft:detector_rail":1,"minecraft:spruce_planks":3,"minecraft:beef":15,"minecraft:calcite":2,"minecraft:light_gray_wool":1,"minecraft:sugar_cane":70,"minecraft:chest":1,"minecraft:furnace":3,"minecraft:egg":1,"minecraft:stick":3,"minecraft:raw_iron":96,"minecraft:oak_fence":2,"minecraft:torch":4,"minecraft:porkchop":12,"minecraft:diorite":2,"minecraft:diamond_chestplate":1,"minecraft:arrow":4,"minecraft:rotten_flesh":14,"minecraft:diamond_boots":1,"minecraft:hay_block":30,"minecraft:rail":96,"minecraft:mutton":18,"minecraft:white_wool":9,"minecraft:cobblestone":64,"minecraft:oxeye_daisy":1,"minecraft:andesite":10,"minecraft:brown_wool":1,"minecraft:leather":10,"minecraft:smoker":2,"minecraft:flint":4,"minecraft:oak_log":22,"minecraft:paper":8,"minecraft:lapis_lazuli":6,"minecraft:dirt":11,"minecraft:bone":1,"minecraft:kelp":16,"minecraft:bow":1,"minecraft:wheat_seeds":7,"minecraft:iron_ingot":10,"minecraft:diamond_helmet":1,"minecraft:oak_planks":54,"minecraft:smooth_basalt":2,"minecraft:sweet_berries":19,"minecraft:dandelion":5,"minecraft:spruce_log":7,"minecraft:dark_oak_log":40,"minecraft:pumpkin_seeds":3,"minecraft:purple_bed":7,"minecraft:spruce_boat":5,"minecraft:granite":7,"minecraft:black_wool":2,"minecraft:coal":82}},"DataVersion":3953}