{"stats":{"minecraft:broken":{"minecraft:wooden_axe":1},"minecraft:picked_up":{"minecraft:crafting_table":6,"minecraft:chest_minecart":1,"minecraft:andesite":8,"minecraft:leather":10,"minecraft:brown_wool":1,"minecraft:smoker":2,"minecraft:enchanted_book":1,"minecraft:oak_log":22,"minecraft:amethyst_block":2,"minecraft:lapis_lazuli":6,"minecraft:string":2,"minecraft:dirt":5,"minecraft:detector_rail":1,"minecraft:spruce_planks":3,"minecraft:beef":15,"minecraft:iron_ingot":4,"minecraft:calcite":2,"minecraft:light_gray_wool":1,"minecraft:oak_planks":54,"minecraft:furnace":1,"minecraft:smooth_basalt":2,"minecraft:raw_iron":58,"minecraft:sweet_berries":19,"minecraft:oak_fence":1,"minecraft:torch":4,"minecraft:porkchop":12,"minecraft:diorite":2,"minecraft:spruce_log":7,"minecraft:pumpkin_seeds":3,"minecraft:purple_bed":3,"minecraft:rotten_flesh":4,"minecraft:spruce_boat":1,"minecraft:hay_block":30,"minecraft:granite":1,"minecraft:black_wool":2,"minecraft:mutton":18,"minecraft:coal":58,"minecraft:rail":96,"minecraft:white_wool":9,"minecraft:cobblestone":48},"minecraft:crafted":{"minecraft:cooked_beef":15,"minecraft:oak_planks":88,"minecraft:cooked_porkchop":12,"minecraft:crafting_table":1,"minecraft:spruce_planks":56,"minecraft:iron_helmet":1,"minecraft:wooden_pickaxe":1,"minecraft:furnace":1,"minecraft:stone_axe":1,"minecraft:air":0,"minecraft:iron_boots":1,"minecraft:shield":1,"minecraft:iron_axe":1,"minecraft:stick":20,"minecraft:iron_ingot":30,"minecraft:iron_pickaxe":2,"minecraft:wooden_axe":2,"minecraft:iron_leggings":1,"minecraft:spruce_boat":1,"minecraft:torch":8},"minecraft:killed_by":{"minecraft:zombie":1},"minecraft:mined":{"minecraft:spruce_planks":3,"minecraft:smoker":2,"minecraft:crafting_table":6,"minecraft:torch":1,"minecraft:granite":1,"minecraft:short_grass":6,"minecraft:calcite":2,"minecraft:grass_block":4,"minecraft:tall_grass":1,"minecraft:cobblestone":6,"minecraft:oak_planks":1,"minecraft:diorite":3,"minecraft:amethyst_block":2,"minecraft:hay_block":31,"minecraft:purple_bed":4,"minecraft:furnace":1,"minecraft:iron_ore":44,"minecraft:sweet_berry_bush":8,"minecraft:spruce_log":7,"minecraft:oak_log":22,"minecraft:coal_ore":32,"minecraft:rail":92,"minecraft:dirt":1,"minecraft:smooth_basalt":2,"minecraft:stone":35,"minecraft:white_wool":1,"minecraft:oak_leaves":1},"minecraft:killed":{"minecraft:pig":5,"minecraft:zombie_villager":1,"minecraft:spider":1,"minecraft:iron_golem":1,"minecraft:sheep":12,"minecraft:zombie":4,"minecraft:cow":10},"minecraft:custom":{"minecraft:interact_with_furnace":14,"minecraft:mob_kills":34,"minecraft:interact_with_crafting_table":18,"minecraft:leave_game":1,"minecraft:time_since_death":47601,"minecraft:sleep_in_bed":2,"minecraft:time_since_rest":27637,"minecraft:sprint_one_cm":117765,"minecraft:damage_taken":607,"minecraft:walk_one_cm":165781,"minecraft:damage_blocked_by_shield":693,"minecraft:drop":24,"minecraft:damage_dealt":4820,"minecraft:swim_one_cm":14871,"minecraft:fly_one_cm":130040,"minecraft:open_chest":4,"minecraft:crouch_one_cm":17,"minecraft:play_time":51904,"minecraft:deaths":1,"minecraft:sneak_time":175,"minecraft:walk_under_water_one_cm":3281,"minecraft:boat_one_cm":7703,"minecraft:jump":732,"minecraft:walk_on_water_one_cm":9884,"minecraft:interact_with_smoker":5,"minecraft:total_world_time":51904,"minecraft:fall_one_cm":15285},"minecraft:used":{"minecraft:oak_planks":1,"minecraft:shield":9,"minecraft:spruce_planks":3,"minecraft:wooden_pickaxe":6,"minecraft:white_wool":9,"minecraft:torch":1,"minecraft:crafting_table":6,"minecraft:smoker":1,"minecraft:spruce_boat":1,"minecraft:wooden_axe":56,"minecraft:iron_axe":1,"minecraft:bread":2,"minecraft:iron_pickaxe":216,"minecraft:iron_helmet":1,"minecraft:iron_boots":1,"minecraft:stone_axe":64,"minecraft:cobblestone":11,"minecraft:purple_bed":3,"minecraft:sweet_berries":26,"minecraft:furnace":1,"minecraft:iron_leggings":1,"minecraft:cooked_beef":3},"minecraft:dropped":{"minecraft:stone_axe":1,"minecraft:lapis_lazuli":6,"minecraft:detector_rail":1,"minecraft:oak_fence":1,"minecraft:rotten_flesh":4,"minecraft:light_gray_wool":1,"minecraft:amethyst_block":2,"minecraft:chest_minecart":1,"minecraft:granite":1,"minecraft:pumpkin_seeds":3,"minecraft:dirt":5,"minecraft:diorite":2,"minecraft:andesite":8,"minecraft:wooden_axe":1,"minecraft:brown_wool":1,"minecraft:wooden_pickaxe":1,"minecraft:iron_pickaxe":1,"minecraft:calcite":2,"minecraft:string":2,"minecraft:gold_ingot":1,"minecraft:smooth_basalt":2,"minecraft:black_wool":2}},"DataVersion":3953}