{"stats":{"minecraft:broken":{"minecraft:wooden_axe":1},"minecraft:picked_up":{"minecraft:crafting_table":5,"minecraft:chest_minecart":1,"minecraft:andesite":8,"minecraft:leather":10,"minecraft:brown_wool":1,"minecraft:smoker":2,"minecraft:enchanted_book":1,"minecraft:oak_log":22,"minecraft:lapis_lazuli":6,"minecraft:string":2,"minecraft:dirt":5,"minecraft:detector_rail":1,"minecraft:spruce_planks":3,"minecraft:beef":15,"minecraft:iron_ingot":4,"minecraft:light_gray_wool":1,"minecraft:oak_planks":49,"minecraft:raw_iron":17,"minecraft:sweet_berries":19,"minecraft:torch":4,"minecraft:porkchop":12,"minecraft:diorite":1,"minecraft:spruce_log":7,"minecraft:pumpkin_seeds":3,"minecraft:purple_bed":3,"minecraft:rotten_flesh":3,"minecraft:spruce_boat":1,"minecraft:hay_block":30,"minecraft:black_wool":2,"minecraft:mutton":18,"minecraft:coal":28,"minecraft:rail":63,"minecraft:white_wool":9,"minecraft:cobblestone":37},"minecraft:crafted":{"minecraft:cooked_beef":15,"minecraft:oak_planks":88,"minecraft:cooked_porkchop":12,"minecraft:crafting_table":1,"minecraft:spruce_planks":56,"minecraft:wooden_pickaxe":1,"minecraft:furnace":1,"minecraft:stone_axe":1,"minecraft:air":0,"minecraft:shield":1,"minecraft:stick":12,"minecraft:iron_pickaxe":1,"minecraft:wooden_axe":2,"minecraft:spruce_boat":1,"minecraft:torch":8},"minecraft:killed_by":{"minecraft:zombie":1},"minecraft:mined":{"minecraft:spruce_planks":3,"minecraft:smoker":2,"minecraft:crafting_table":5,"minecraft:torch":1,"minecraft:short_grass":6,"minecraft:grass_block":4,"minecraft:tall_grass":1,"minecraft:cobblestone":4,"minecraft:oak_planks":1,"minecraft:diorite":2,"minecraft:hay_block":31,"minecraft:purple_bed":4,"minecraft:iron_ore":17,"minecraft:sweet_berry_bush":8,"minecraft:spruce_log":7,"minecraft:oak_log":22,"minecraft:coal_ore":28,"minecraft:rail":59,"minecraft:dirt":1,"minecraft:stone":30,"minecraft:white_wool":1,"minecraft:oak_leaves":1},"minecraft:killed":{"minecraft:pig":5,"minecraft:spider":1,"minecraft:iron_golem":1,"minecraft:sheep":12,"minecraft:zombie":4,"minecraft:cow":10},"minecraft:custom":{"minecraft:mob_kills":33,"minecraft:interact_with_crafting_table":10,"minecraft:leave_game":1,"minecraft:time_since_death":35601,"minecraft:sleep_in_bed":2,"minecraft:time_since_rest":15637,"minecraft:sprint_one_cm":90543,"minecraft:damage_taken":547,"minecraft:walk_one_cm":129727,"minecraft:damage_blocked_by_shield":349,"minecraft:drop":12,"minecraft:damage_dealt":4660,"minecraft:swim_one_cm":13872,"minecraft:fly_one_cm":128443,"minecraft:open_chest":4,"minecraft:crouch_one_cm":17,"minecraft:play_time":39904,"minecraft:deaths":1,"minecraft:sneak_time":172,"minecraft:walk_under_water_one_cm":2621,"minecraft:boat_one_cm":7703,"minecraft:jump":674,"minecraft:walk_on_water_one_cm":9710,"minecraft:interact_with_smoker":5,"minecraft:total_world_time":39904,"minecraft:fall_one_cm":15074},"minecraft:used":{"minecraft:oak_planks":1,"minecraft:shield":5,"minecraft:spruce_planks":3,"minecraft:wooden_pickaxe":6,"minecraft:white_wool":9,"minecraft:torch":1,"minecraft:crafting_table":5,"minecraft:smoker":1,"minecraft:spruce_boat":1,"minecraft:wooden_axe":56,"minecraft:bread":2,"minecraft:iron_pickaxe":136,"minecraft:stone_axe":61,"minecraft:cobblestone":2,"minecraft:purple_bed":3,"minecraft:sweet_berries":26,"minecraft:cooked_beef":2},"minecraft:dropped":{"minecraft:lapis_lazuli":6,"minecraft:detector_rail":1,"minecraft:rotten_flesh":2,"minecraft:light_gray_wool":1,"minecraft:pumpkin_seeds":3,"minecraft:dirt":5,"minecraft:diorite":1,"minecraft:andesite":8,"minecraft:wooden_axe":1,"minecraft:brown_wool":1,"minecraft:string":2,"minecraft:black_wool":2}},"DataVersion":3953}