{"stats":{"minecraft:dropped":{"minecraft:iron_ingot":5,"minecraft:bread":5,"minecraft:wheat_seeds":6,"minecraft:diamond_axe":1,"minecraft:lapis_lazuli":6,"minecraft:iron_helmet":1,"minecraft:oak_fence":2,"minecraft:cobblestone":6,"minecraft:amethyst_block":2,"minecraft:chest_minecart":1,"minecraft:granite":7,"minecraft:flint":8,"minecraft:stick":3,"minecraft:oxeye_daisy":1,"minecraft:dirt":11,"minecraft:diorite":2,"minecraft:brewing_stand":1,"minecraft:wooden_axe":1,"minecraft:brown_wool":1,"minecraft:iron_leggings":1,"minecraft:stripped_birch_log":1,"minecraft:iron_axe":8,"minecraft:iron_pickaxe":1,"minecraft:paper":14,"minecraft:string":2,"minecraft:birch_log":6,"minecraft:smooth_basalt":2,"minecraft:gold_ingot":1,"minecraft:dandelion":5,"minecraft:bone":1,"minecraft:stone_axe":1,"minecraft:kelp":16,"minecraft:sugar_cane":4,"minecraft:golden_chestplate":1,"minecraft:detector_rail":1,"minecraft:rotten_flesh":13,"minecraft:light_gray_wool":1,"minecraft:iron_boots":1,"minecraft:stripped_oak_log":2,"minecraft:white_bed":16,"minecraft:shears":1,"minecraft:pumpkin_seeds":3,"minecraft:hay_block":1,"minecraft:andesite":10,"minecraft:oak_sapling":8,"minecraft:arrow":4,"minecraft:wooden_pickaxe":1,"minecraft:calcite":2,"minecraft:black_wool":2},"minecraft:killed_by":{"minecraft:cave_spider":1,"minecraft:zombie":1},"minecraft:used":{"minecraft:chest":3,"minecraft:spruce_planks":3,"minecraft:shield":41,"minecraft:iron_sword":100,"minecraft:iron_chestplate":1,"minecraft:torch":4,"minecraft:brewing_stand":1,"minecraft:dirt":1,"minecraft:granite":4,"minecraft:obsidian":7,"minecraft:spruce_boat":5,"minecraft:wooden_axe":56,"minecraft:iron_axe":66,"minecraft:iron_helmet":1,"minecraft:iron_boots":1,"minecraft:diamond_chestplate":1,"minecraft:sweet_berries":26,"minecraft:furnace":4,"minecraft:egg":2,"minecraft:cooked_beef":15,"minecraft:iron_leggings":1,"minecraft:short_grass":1,"minecraft:water_bucket":73,"minecraft:oak_planks":3,"minecraft:cartography_table":4,"minecraft:wooden_pickaxe":6,"minecraft:sugar_cane":3,"minecraft:diamond_axe":991,"minecraft:white_wool":9,"minecraft:crafting_table":9,"minecraft:shears":146,"minecraft:smoker":1,"minecraft:oak_log":211,"minecraft:diamond_pickaxe":276,"minecraft:string":2,"minecraft:bread":31,"minecraft:iron_pickaxe":253,"minecraft:stone_axe":64,"minecraft:cobblestone":69,"minecraft:purple_bed":7,"minecraft:cooked_porkchop":12,"minecraft:bucket":75,"minecraft:stripped_oak_log":29},"minecraft:killed":{"minecraft:cave_spider":3,"minecraft:bogged":1,"minecraft:spider":5,"minecraft:skeleton":1,"minecraft:drowned":1,"minecraft:pig":6,"minecraft:zombie_villager":1,"minecraft:iron_golem":1,"minecraft:creeper":1,"minecraft:sheep":12,"minecraft:zombie":9,"minecraft:enderman":1,"minecraft:cow":10},"minecraft:mined":{"minecraft:spruce_planks":11,"minecraft:dark_oak_leaves":1,"minecraft:oak_door":1,"minecraft:dark_oak_log":40,"minecraft:stripped_birch_log":1,"minecraft:ladder":1,"minecraft:granite":12,"minecraft:grass_block":7,"minecraft:decorated_pot":9,"minecraft:spruce_leaves":2,"minecraft:cartography_table":2,"minecraft:tuff_bricks":3,"minecraft:hay_block":31,"minecraft:furnace":3,"minecraft:iron_ore":56,"minecraft:andesite":2,"minecraft:gold_block":1,"minecraft:rail":92,"minecraft:stripped_oak_log":30,"minecraft:stone":255,"minecraft:tripwire":2,"minecraft:white_wool":1,"minecraft:smoker":2,"minecraft:crafting_table":7,"minecraft:torch":3,"minecraft:short_grass":18,"minecraft:calcite":2,"minecraft:chest":1,"minecraft:tall_grass":1,"minecraft:cobblestone":7,"minecraft:sugar_cane":451,"minecraft:oak_planks":1,"minecraft:diorite":4,"minecraft:wall_torch":1,"minecraft:amethyst_block":2,"minecraft:purple_bed":9,"minecraft:birch_log":6,"minecraft:sweet_berry_bush":8,"minecraft:spruce_log":7,"minecraft:waxed_copper_block":4,"minecraft:oak_log":695,"minecraft:coal_ore":37,"minecraft:gravel":4,"minecraft:dirt":9,"minecraft:cobweb":17,"minecraft:smooth_basalt":2,"minecraft:deepslate":41,"minecraft:oak_leaves":200},"minecraft:broken":{"minecraft:wooden_axe":1},"minecraft:picked_up":{"minecraft:crafting_table":7,"minecraft:ladder":1,"minecraft:chest_minecart":1,"minecraft:gold_block":1,"minecraft:enchanted_book":1,"minecraft:brewing_stand":1,"minecraft:brick":33,"minecraft:shield":1,"minecraft:amethyst_block":2,"minecraft:string":1093,"minecraft:iron_axe":8,"minecraft:diamond_leggings":2,"minecraft:cartography_table":3,"minecraft:cobbled_deepslate":90,"minecraft:detector_rail":1,"minecraft:spruce_planks":8,"minecraft:beef":15,"minecraft:trial_key":1,"minecraft:calcite":2,"minecraft:light_gray_wool":1,"minecraft:sugar_cane":724,"minecraft:chest":1,"minecraft:furnace":3,"minecraft:egg":2,"minecraft:tipped_arrow":1,"minecraft:stick":5,"minecraft:raw_iron":96,"minecraft:oak_fence":2,"minecraft:torch":22,"minecraft:porkchop":12,"minecraft:diorite":4,"minecraft:arrow":10,"minecraft:rotten_flesh":15,"minecraft:diamond_chestplate":2,"minecraft:diamond_boots":2,"minecraft:hay_block":30,"minecraft:tuff_bricks":3,"minecraft:mutton":18,"minecraft:rail":96,"minecraft:white_wool":9,"minecraft:cobblestone":317,"minecraft:oxeye_daisy":1,"minecraft:stripped_oak_log":31,"minecraft:birch_log":6,"minecraft:water_bucket":1,"minecraft:andesite":10,"minecraft:brown_wool":1,"minecraft:leather":10,"minecraft:smoker":2,"minecraft:filled_map":1,"minecraft:flint":4,"minecraft:waxed_copper_block":3,"minecraft:oak_log":693,"minecraft:gunpowder":1,"minecraft:paper":8,"minecraft:lapis_lazuli":6,"minecraft:stripped_birch_log":1,"minecraft:dirt":24,"minecraft:bone":1,"minecraft:apple":3,"minecraft:kelp":16,"minecraft:bow":1,"minecraft:wheat_seeds":7,"minecraft:iron_ingot":19,"minecraft:diamond_helmet":2,"minecraft:scrape_pottery_sherd":1,"minecraft:oak_planks":54,"minecraft:smooth_basalt":2,"minecraft:sweet_berries":19,"minecraft:dandelion":5,"minecraft:gravel":8,"minecraft:white_bed":7,"minecraft:spruce_log":7,"minecraft:dark_oak_log":40,"minecraft:spider_eye":2,"minecraft:pumpkin_seeds":3,"minecraft:purple_bed":7,"minecraft:spruce_boat":6,"minecraft:short_grass":1,"minecraft:granite":16,"minecraft:diamond_axe":2,"minecraft:emerald":6,"minecraft:bread":64,"minecraft:oak_sapling":8,"minecraft:black_wool":2,"minecraft:coal":87,"minecraft:oak_leaves":140,"minecraft:diamond_pickaxe":1,"minecraft:ender_pearl":1},"minecraft:crafted":{"minecraft:oak_planks":1928,"minecraft:furnace":1,"minecraft:iron_boots":1,"minecraft:iron_axe":1,"minecraft:chest":194,"minecraft:filled_map":1,"minecraft:spruce_boat":1,"minecraft:wheat":261,"minecraft:cooked_beef":15,"minecraft:emerald":53,"minecraft:cooked_porkchop":12,"minecraft:map":2,"minecraft:crafting_table":2,"minecraft:spruce_planks":56,"minecraft:iron_helmet":1,"minecraft:wooden_pickaxe":1,"minecraft:iron_sword":1,"minecraft:bucket":1,"minecraft:stone_axe":1,"minecraft:bread":87,"minecraft:air":0,"minecraft:cartography_table":1,"minecraft:iron_chestplate":1,"minecraft:paper":918,"minecraft:diamond_pickaxe":1,"minecraft:shield":1,"minecraft:stick":20,"minecraft:compass":1,"minecraft:iron_ingot":41,"minecraft:iron_pickaxe":2,"minecraft:wooden_axe":2,"minecraft:iron_leggings":1,"minecraft:torch":8,"minecraft:shears":1},"minecraft:custom":{"minecraft:interact_with_smithing_table":1,"minecraft:mob_kills":55,"minecraft:interact_with_crafting_table":43,"minecraft:open_barrel":6,"minecraft:leave_game":10,"minecraft:time_since_death":5514,"minecraft:climb_one_cm":2799,"minecraft:sprint_one_cm":618160,"minecraft:walk_one_cm":794329,"minecraft:damage_blocked_by_shield":1504,"minecraft:drop":141,"minecraft:talked_to_villager":59,"minecraft:play_time":244071,"minecraft:sneak_time":1588,"minecraft:deaths":2,"minecraft:walk_under_water_one_cm":30204,"minecraft:boat_one_cm":137641,"minecraft:interact_with_brewingstand":3,"minecraft:jump":4565,"minecraft:interact_with_blast_furnace":1,"minecraft:walk_on_water_one_cm":67954,"minecraft:total_world_time":244071,"minecraft:interact_with_furnace":35,"minecraft:traded_with_villager":57,"minecraft:interact_with_cartography_table":1,"minecraft:interact_with_grindstone":1,"minecraft:sleep_in_bed":12,"minecraft:time_since_rest":5551,"minecraft:damage_taken":3787,"minecraft:damage_dealt":8736,"minecraft:swim_one_cm":40180,"minecraft:fly_one_cm":794093,"minecraft:open_chest":75,"minecraft:crouch_one_cm":2157,"minecraft:interact_with_smoker":7,"minecraft:fall_one_cm":111879,"minecraft:horse_one_cm":656}},"DataVersion":3953}