{"stats":{"minecraft:picked_up":{"minecraft:crafting_table":1,"minecraft:purple_bed":2,"minecraft:sweet_berries":19,"minecraft:spruce_log":7},"minecraft:used":{"minecraft:wooden_axe":1,"minecraft:crafting_table":1},"minecraft:killed_by":{"minecraft:zombie":1},"minecraft:mined":{"minecraft:purple_bed":2,"minecraft:sweet_berry_bush":7,"minecraft:spruce_log":7,"minecraft:crafting_table":1},"minecraft:crafted":{"minecraft:crafting_table":1,"minecraft:spruce_planks":28,"minecraft:stick":4,"minecraft:wooden_pickaxe":1,"minecraft:wooden_axe":1},"minecraft:custom":{"minecraft:open_chest":1,"minecraft:time_since_rest":5952,"minecraft:sprint_one_cm":10696,"minecraft:play_time":10217,"minecraft:deaths":1,"minecraft:damage_taken":270,"minecraft:walk_one_cm":11979,"minecraft:walk_under_water_one_cm":1360,"minecraft:jump":74,"minecraft:walk_on_water_one_cm":2872,"minecraft:leave_game":1,"minecraft:time_since_death":5914,"minecraft:total_world_time":10217,"minecraft:swim_one_cm":736,"minecraft:fall_one_cm":1862,"minecraft:interact_with_crafting_table":1,"minecraft:fly_one_cm":13963}},"DataVersion":3953}