{"stats":{"minecraft:custom":{"minecraft:mob_kills":37,"minecraft:interact_with_crafting_table":35,"minecraft:bell_ring":21,"minecraft:time_since_death":11074,"minecraft:climb_one_cm":825,"minecraft:sprint_one_cm":572334,"minecraft:walk_one_cm":343386,"minecraft:drop":52,"minecraft:talked_to_villager":75,"minecraft:play_time":160857,"minecraft:deaths":1,"minecraft:sneak_time":7621,"minecraft:walk_under_water_one_cm":6172,"minecraft:boat_one_cm":11275,"minecraft:jump":3870,"minecraft:interact_with_blast_furnace":1,"minecraft:walk_on_water_one_cm":18032,"minecraft:total_world_time":160857,"minecraft:interact_with_furnace":21,"minecraft:traded_with_villager":217,"minecraft:sleep_in_bed":16,"minecraft:time_since_rest":10076,"minecraft:damage_taken":1348,"minecraft:damage_dealt":10268,"minecraft:swim_one_cm":26333,"minecraft:fly_one_cm":843513,"minecraft:open_chest":51,"minecraft:crouch_one_cm":22218,"minecraft:interact_with_smoker":11,"minecraft:fall_one_cm":106169},"minecraft:crafted":{"minecraft:oak_planks":160,"minecraft:smooth_stone":3,"minecraft:chainmail_helmet":14,"minecraft:redstone":26,"minecraft:stone_shovel":1,"minecraft:barrel":1,"minecraft:fishing_rod":1,"minecraft:tripwire_hook":2,"minecraft:furnace":2,"minecraft:blast_furnace":1,"minecraft:stone":3,"minecraft:lever":1,"minecraft:oak_trapdoor":4,"minecraft:glass":1,"minecraft:diamond_helmet":2,"minecraft:diamond_leggings":2,"minecraft:iron_axe":1,"minecraft:spruce_slab":126,"minecraft:iron_hoe":1,"minecraft:ender_pearl":12,"minecraft:stone_pickaxe":1,"minecraft:chest":4,"minecraft:diamond_boots":2,"minecraft:dark_oak_planks":12,"minecraft:chainmail_leggings":12,"minecraft:oak_slab":12,"minecraft:emerald":123,"minecraft:cooked_porkchop":34,"minecraft:crafting_table":4,"minecraft:spruce_planks":444,"minecraft:wooden_pickaxe":1,"minecraft:iron_helmet":10,"minecraft:bucket":1,"minecraft:stone_axe":2,"minecraft:glowstone":12,"minecraft:bread":4,"minecraft:air":0,"minecraft:oak_boat":2,"minecraft:spruce_trapdoor":4,"minecraft:white_wool":16,"minecraft:paper":45,"minecraft:shield":1,"minecraft:stick":32,"minecraft:iron_ingot":12,"minecraft:iron_pickaxe":1,"minecraft:white_bed":4,"minecraft:torch":24,"minecraft:shears":1,"minecraft:lapis_lazuli":12,"minecraft:diamond_chestplate":2},"minecraft:mined":{"minecraft:dark_oak_planks":2,"minecraft:spruce_planks":4,"minecraft:white_bed":10,"minecraft:cobblestone_stairs":4,"minecraft:brewing_stand":4,"minecraft:granite":3,"minecraft:grass_block":103,"minecraft:spruce_leaves":15,"minecraft:cartography_table":2,"minecraft:composter":1,"minecraft:oxeye_daisy":1,"minecraft:large_fern":6,"minecraft:oak_trapdoor":2,"minecraft:carrots":24,"minecraft:andesite":2,"minecraft:gold_block":2,"minecraft:bell":1,"minecraft:bookshelf":4,"minecraft:potatoes":66,"minecraft:dirt_path":10,"minecraft:oak_stairs":1,"minecraft:stripped_oak_log":8,"minecraft:stone":19,"minecraft:spruce_slab":10,"minecraft:tripwire":7,"minecraft:glass_pane":1,"minecraft:smoker":1,"minecraft:dandelion":4,"minecraft:crafting_table":4,"minecraft:short_grass":150,"minecraft:blast_furnace":1,"minecraft:poppy":1,"minecraft:lectern":1,"minecraft:tall_grass":23,"minecraft:cobblestone":15,"minecraft:sugar_cane":22,"minecraft:oak_planks":29,"minecraft:blue_bed":3,"minecraft:purple_bed":1,"minecraft:wheat":124,"minecraft:sweet_berry_bush":1,"minecraft:spruce_log":111,"minecraft:yellow_bed":2,"minecraft:oak_log":36,"minecraft:coal_ore":20,"minecraft:beetroots":8,"minecraft:sand":1,"minecraft:dirt":20,"minecraft:tripwire_hook":1,"minecraft:oak_leaves":5},"minecraft:killed":{"minecraft:spider":2,"minecraft:horse":4,"minecraft:pig":17,"minecraft:iron_golem":6,"minecraft:creeper":1,"minecraft:sheep":2,"minecraft:pillager":2,"minecraft:zombie":1,"minecraft:villager":1,"minecraft:enderman":1},"minecraft:dropped":{"minecraft:bread":3,"minecraft:iron_helmet":10,"minecraft:chainmail_helmet":12,"minecraft:stick":9,"minecraft:oxeye_daisy":2,"minecraft:wooden_axe":2,"minecraft:chainmail_leggings":12,"minecraft:string":1,"minecraft:dandelion":9,"minecraft:wheat":15,"minecraft:beetroot":8,"minecraft:oak_planks":5,"minecraft:carrot":77,"minecraft:potato":94},"minecraft:used":{"minecraft:oak_trapdoor":5,"minecraft:spruce_slab":113,"minecraft:stone_shovel":149,"minecraft:redstone":2,"minecraft:chest":4,"minecraft:spruce_planks":185,"minecraft:bell":1,"minecraft:torch":24,"minecraft:brewing_stand":2,"minecraft:dirt":126,"minecraft:carrot":4,"minecraft:granite":4,"minecraft:glass":1,"minecraft:iron_hoe":176,"minecraft:dark_oak_planks":11,"minecraft:villager_spawn_egg":3,"minecraft:grass_block":1,"minecraft:iron_axe":128,"minecraft:barrel":1,"minecraft:tripwire_hook":6,"minecraft:furnace":1,"minecraft:egg":1,"minecraft:potato":135,"minecraft:wheat_seeds":100,"minecraft:water_bucket":20,"minecraft:diamond_boots":1,"minecraft:stone_pickaxe":33,"minecraft:oak_planks":60,"minecraft:cartography_table":1,"minecraft:composter":2,"minecraft:wooden_pickaxe":4,"minecraft:sugar_cane":2,"minecraft:blue_bed":3,"minecraft:oak_slab":1,"minecraft:crafting_table":8,"minecraft:blast_furnace":2,"minecraft:white_bed":14,"minecraft:shears":22,"minecraft:smoker":1,"minecraft:oak_log":4,"minecraft:lever":1,"minecraft:string":29,"minecraft:bread":10,"minecraft:iron_pickaxe":62,"minecraft:spruce_trapdoor":3,"minecraft:spruce_sapling":4,"minecraft:stone_axe":207,"minecraft:fishing_rod":9,"minecraft:cobblestone":4,"minecraft:purple_bed":2,"minecraft:porkchop":1,"minecraft:cooked_porkchop":19,"minecraft:andesite":1,"minecraft:bucket":21,"minecraft:yellow_bed":2,"minecraft:oak_boat":5,"minecraft:diamond_leggings":1,"minecraft:experience_bottle":1},"minecraft:broken":{"minecraft:stone_axe":2},"minecraft:killed_by":{"minecraft:zombie":1},"minecraft:picked_up":{"minecraft:wooden_axe":2,"minecraft:crafting_table":4,"minecraft:wheat":28,"minecraft:oak_stairs":1,"minecraft:gold_block":2,"minecraft:brewing_stand":5,"minecraft:shield":1,"minecraft:oak_trapdoor":2,"minecraft:string":4221,"minecraft:iron_axe":1,"minecraft:beetroot":8,"minecraft:diamond_leggings":1,"minecraft:cartography_table":1,"minecraft:spruce_planks":166,"minecraft:oak_boat":3,"minecraft:iron_pickaxe":1,"minecraft:spruce_slab":35,"minecraft:poppy":1,"minecraft:lectern":1,"minecraft:sugar_cane":47,"minecraft:spruce_trapdoor":1,"minecraft:egg":1,"minecraft:stick":6,"minecraft:composter":1,"minecraft:oak_fence":1,"minecraft:porkchop":35,"minecraft:carrot":77,"minecraft:dark_oak_planks":5,"minecraft:stone_shovel":1,"minecraft:arrow":4,"minecraft:rotten_flesh":2,"minecraft:beetroot_seeds":22,"minecraft:shears":1,"minecraft:diamond_boots":1,"minecraft:mutton":4,"minecraft:white_wool":6,"minecraft:cobblestone":40,"minecraft:oxeye_daisy":3,"minecraft:stripped_oak_log":8,"minecraft:water_bucket":1,"minecraft:tripwire_hook":2,"minecraft:andesite":4,"minecraft:leather":5,"minecraft:smoker":1,"minecraft:potato":218,"minecraft:oak_log":36,"minecraft:yellow_bed":2,"minecraft:gunpowder":1,"minecraft:cobblestone_stairs":4,"minecraft:dirt":151,"minecraft:blue_bed":3,"minecraft:paper":2,"minecraft:bone":1,"minecraft:wheat_seeds":203,"minecraft:bell":1,"minecraft:stone_pickaxe":1,"minecraft:iron_ingot":35,"minecraft:oak_planks":74,"minecraft:book":12,"minecraft:oak_slab":5,"minecraft:cooked_porkchop":15,"minecraft:dandelion":12,"minecraft:sand":1,"minecraft:spruce_sapling":2,"minecraft:blast_furnace":1,"minecraft:grass_block":1,"minecraft:white_bed":10,"minecraft:spruce_log":111,"minecraft:spider_eye":1,"minecraft:iron_hoe":1,"minecraft:purple_bed":2,"minecraft:lever":1,"minecraft:chainmail_leggings":12,"minecraft:iron_helmet":10,"minecraft:granite":9,"minecraft:emerald":6,"minecraft:chainmail_helmet":12,"minecraft:coal":20,"minecraft:ender_pearl":2}},"DataVersion":3953}