{"stats":{"minecraft:killed":{"minecraft:spider":3,"minecraft:horse":5,"minecraft:drowned":2,"minecraft:pig":17,"minecraft:iron_golem":16,"minecraft:creeper":1,"minecraft:sheep":2,"minecraft:pillager":2,"minecraft:zombie":7,"minecraft:villager":1,"minecraft:enderman":1},"minecraft:crafted":{"minecraft:grindstone":1,"minecraft:smooth_stone":3,"minecraft:oak_planks":160,"minecraft:chainmail_helmet":14,"minecraft:redstone":26,"minecraft:stone_shovel":1,"minecraft:barrel":1,"minecraft:fishing_rod":1,"minecraft:tripwire_hook":2,"minecraft:furnace":2,"minecraft:blast_furnace":1,"minecraft:sugar_cane":8,"minecraft:stone":11,"minecraft:bone_meal":39,"minecraft:lever":1,"minecraft:oak_trapdoor":4,"minecraft:glass":1,"minecraft:diamond_helmet":2,"minecraft:diamond_leggings":2,"minecraft:iron_axe":29,"minecraft:iron_hoe":1,"minecraft:spruce_slab":126,"minecraft:ender_pearl":12,"minecraft:stone_pickaxe":1,"minecraft:chest":10,"minecraft:diamond_boots":2,"minecraft:dark_oak_planks":12,"minecraft:chainmail_leggings":12,"minecraft:oak_slab":12,"minecraft:diamond_sword":1,"minecraft:emerald":166,"minecraft:cooked_porkchop":34,"minecraft:diamond_axe":9,"minecraft:map":14,"minecraft:crafting_table":5,"minecraft:spruce_planks":1708,"minecraft:iron_helmet":10,"minecraft:wooden_pickaxe":1,"minecraft:bell":14,"minecraft:smithing_table":1,"minecraft:purple_banner":2,"minecraft:bucket":1,"minecraft:stone_axe":12,"minecraft:glowstone":12,"minecraft:bread":100,"minecraft:air":0,"minecraft:oak_boat":2,"minecraft:spruce_trapdoor":4,"minecraft:white_wool":16,"minecraft:paper":45,"minecraft:diamond_pickaxe":1,"minecraft:shield":1,"minecraft:stick":120,"minecraft:stone_slab":6,"minecraft:gunpowder":8,"minecraft:iron_ingot":66,"minecraft:iron_pickaxe":1,"minecraft:iron_shovel":9,"minecraft:white_bed":4,"minecraft:composter":1,"minecraft:spruce_fence_gate":22,"minecraft:torch":24,"minecraft:shears":1,"minecraft:lapis_lazuli":12,"minecraft:diamond_chestplate":2},"minecraft:killed_by":{"minecraft:zombie":1},"minecraft:picked_up":{"minecraft:wooden_axe":2,"minecraft:crafting_table":4,"minecraft:wheat":28,"minecraft:lead":2,"minecraft:oak_stairs":1,"minecraft:gold_block":2,"minecraft:brewing_stand":5,"minecraft:shield":1,"minecraft:string":4221,"minecraft:oak_trapdoor":2,"minecraft:raw_copper":19,"minecraft:iron_axe":25,"minecraft:iron_shovel":2,"minecraft:beetroot":8,"minecraft:diamond_leggings":2,"minecraft:cartography_table":1,"minecraft:spruce_planks":166,"minecraft:oak_boat":3,"minecraft:poppy":9,"minecraft:iron_pickaxe":1,"minecraft:spruce_slab":35,"minecraft:lectern":1,"minecraft:sugar_cane":384,"minecraft:chest":1,"minecraft:spruce_trapdoor":1,"minecraft:egg":1,"minecraft:stick":16,"minecraft:composter":3,"minecraft:oak_fence":2,"minecraft:torch":1,"minecraft:porkchop":35,"minecraft:carrot":77,"minecraft:dark_oak_planks":5,"minecraft:stone_shovel":1,"minecraft:arrow":4,"minecraft:rotten_flesh":24,"minecraft:diamond_chestplate":1,"minecraft:beetroot_seeds":22,"minecraft:shears":1,"minecraft:diamond_boots":2,"minecraft:hay_block":1,"minecraft:obsidian":9,"minecraft:mutton":4,"minecraft:white_wool":6,"minecraft:cobblestone":303,"minecraft:oxeye_daisy":3,"minecraft:stripped_oak_log":8,"minecraft:tripwire_hook":2,"minecraft:water_bucket":1,"minecraft:andesite":34,"minecraft:leather":7,"minecraft:smoker":1,"minecraft:potato":219,"minecraft:flint":3,"minecraft:oak_log":36,"minecraft:yellow_bed":2,"minecraft:gunpowder":1,"minecraft:cobblestone_stairs":4,"minecraft:map":1,"minecraft:dirt":2195,"minecraft:blue_bed":3,"minecraft:paper":7,"minecraft:bone":1,"minecraft:wheat_seeds":246,"minecraft:bell":2,"minecraft:iron_ingot":73,"minecraft:stone_pickaxe":1,"minecraft:diamond_helmet":1,"minecraft:oak_planks":95,"minecraft:book":12,"minecraft:oak_slab":5,"minecraft:cooked_porkchop":15,"minecraft:dandelion":13,"minecraft:gravel":17,"minecraft:sand":1,"minecraft:spruce_sapling":18,"minecraft:blast_furnace":1,"minecraft:grass_block":1,"minecraft:white_bed":10,"minecraft:spruce_log":427,"minecraft:spider_eye":1,"minecraft:iron_hoe":1,"minecraft:purple_bed":3,"minecraft:stone_axe":10,"minecraft:lever":1,"minecraft:chainmail_leggings":12,"minecraft:iron_helmet":10,"minecraft:granite":30,"minecraft:diamond_axe":2,"minecraft:chainmail_helmet":12,"minecraft:emerald":6,"minecraft:coal":41,"minecraft:ender_pearl":2},"minecraft:used":{"minecraft:oak_fence":1,"minecraft:oak_trapdoor":5,"minecraft:iron_shovel":1781,"minecraft:spruce_slab":113,"minecraft:stone_shovel":149,"minecraft:redstone":2,"minecraft:chest":11,"minecraft:spruce_planks":185,"minecraft:shield":2,"minecraft:bell":1,"minecraft:torch":25,"minecraft:brewing_stand":2,"minecraft:dirt":367,"minecraft:carrot":4,"minecraft:granite":4,"minecraft:obsidian":3,"minecraft:glass":1,"minecraft:iron_hoe":176,"minecraft:dark_oak_planks":11,"minecraft:villager_spawn_egg":3,"minecraft:iron_axe":128,"minecraft:grass_block":1,"minecraft:barrel":1,"minecraft:tripwire_hook":6,"minecraft:furnace":1,"minecraft:egg":1,"minecraft:potato":135,"minecraft:wheat_seeds":100,"minecraft:water_bucket":23,"minecraft:diamond_boots":1,"minecraft:oak_planks":89,"minecraft:stone_pickaxe":33,"minecraft:cartography_table":2,"minecraft:sugar_cane":144,"minecraft:blue_bed":3,"minecraft:wooden_pickaxe":4,"minecraft:composter":5,"minecraft:diamond_axe":509,"minecraft:oak_slab":1,"minecraft:crafting_table":9,"minecraft:blast_furnace":2,"minecraft:white_bed":14,"minecraft:shears":22,"minecraft:smoker":1,"minecraft:oak_log":4,"minecraft:lever":1,"minecraft:diamond_pickaxe":385,"minecraft:iron_pickaxe":62,"minecraft:string":29,"minecraft:bread":13,"minecraft:spruce_trapdoor":3,"minecraft:spruce_sapling":20,"minecraft:stone_axe":207,"minecraft:diamond_sword":25,"minecraft:fishing_rod":9,"minecraft:cobblestone":18,"minecraft:purple_bed":3,"minecraft:porkchop":1,"minecraft:grindstone":1,"minecraft:smithing_table":1,"minecraft:cooked_porkchop":34,"minecraft:andesite":1,"minecraft:bucket":24,"minecraft:yellow_bed":2,"minecraft:oak_boat":5,"minecraft:bone_meal":15,"minecraft:diamond_leggings":1,"minecraft:experience_bottle":1},"minecraft:broken":{"minecraft:iron_shovel":6,"minecraft:stone_axe":2},"minecraft:mined":{"minecraft:dark_oak_planks":2,"minecraft:spruce_planks":4,"minecraft:white_bed":10,"minecraft:cobblestone_stairs":4,"minecraft:brewing_stand":4,"minecraft:obsidian":9,"minecraft:granite":24,"minecraft:grass_block":1293,"minecraft:spruce_leaves":44,"minecraft:composter":3,"minecraft:cartography_table":2,"minecraft:oxeye_daisy":1,"minecraft:large_fern":6,"minecraft:oak_trapdoor":2,"minecraft:carrots":24,"minecraft:andesite":38,"minecraft:gold_block":2,"minecraft:bell":1,"minecraft:bookshelf":4,"minecraft:potatoes":66,"minecraft:dirt_path":17,"minecraft:oak_stairs":2,"minecraft:stripped_oak_log":8,"minecraft:stone":302,"minecraft:spruce_slab":10,"minecraft:tripwire":7,"minecraft:podzol":9,"minecraft:glass_pane":2,"minecraft:smoker":1,"minecraft:dandelion":4,"minecraft:oak_fence":1,"minecraft:crafting_table":4,"minecraft:short_grass":231,"minecraft:blast_furnace":1,"minecraft:poppy":1,"minecraft:chest":1,"minecraft:lectern":1,"minecraft:copper_ore":6,"minecraft:tall_grass":49,"minecraft:cobblestone":15,"minecraft:oak_planks":50,"minecraft:sugar_cane":206,"minecraft:blue_bed":3,"minecraft:purple_bed":1,"minecraft:wheat":124,"minecraft:sweet_berry_bush":1,"minecraft:spruce_log":427,"minecraft:yellow_bed":2,"minecraft:coal_ore":41,"minecraft:oak_log":36,"minecraft:beetroots":8,"minecraft:gravel":20,"minecraft:sand":1,"minecraft:dirt":1027,"minecraft:tripwire_hook":1,"minecraft:oak_leaves":5},"minecraft:dropped":{"minecraft:bread":3,"minecraft:wheat_seeds":1,"minecraft:diamond_axe":2,"minecraft:diamond_leggings":2,"minecraft:iron_helmet":10,"minecraft:leather":2,"minecraft:granite":7,"minecraft:chainmail_helmet":12,"minecraft:stick":11,"minecraft:oxeye_daisy":2,"minecraft:dirt":14,"minecraft:wooden_axe":2,"minecraft:map":1,"minecraft:diamond_helmet":2,"minecraft:iron_axe":31,"minecraft:iron_shovel":2,"minecraft:chainmail_leggings":12,"minecraft:paper":5,"minecraft:string":1,"minecraft:dandelion":9,"minecraft:stone_axe":10,"minecraft:raw_copper":6,"minecraft:wheat":15,"minecraft:beetroot":8,"minecraft:oak_planks":5,"minecraft:glass_pane":3,"minecraft:carrot":77,"minecraft:potato":95,"minecraft:diamond_chestplate":2,"minecraft:andesite":30,"minecraft:diamond_boots":2,"minecraft:bell":1},"minecraft:custom":{"minecraft:mob_kills":57,"minecraft:interact_with_crafting_table":48,"minecraft:open_barrel":2,"minecraft:bell_ring":21,"minecraft:time_since_death":118988,"minecraft:climb_one_cm":825,"minecraft:sprint_one_cm":920834,"minecraft:walk_one_cm":579793,"minecraft:damage_blocked_by_shield":30,"minecraft:drop":120,"minecraft:talked_to_villager":124,"minecraft:play_time":268771,"minecraft:sneak_time":10379,"minecraft:deaths":1,"minecraft:walk_under_water_one_cm":13560,"minecraft:boat_one_cm":11275,"minecraft:jump":6146,"minecraft:interact_with_blast_furnace":2,"minecraft:walk_on_water_one_cm":36617,"minecraft:total_world_time":268771,"minecraft:interact_with_furnace":25,"minecraft:traded_with_villager":380,"minecraft:sleep_in_bed":25,"minecraft:time_since_rest":3623,"minecraft:damage_taken":2004,"minecraft:damage_dealt":21788,"minecraft:swim_one_cm":57130,"minecraft:fly_one_cm":1437712,"minecraft:open_chest":144,"minecraft:crouch_one_cm":27722,"minecraft:interact_with_smoker":11,"minecraft:fall_one_cm":160965,"minecraft:horse_one_cm":1786}},"DataVersion":3953}