{"stats":{"minecraft:broken":{"minecraft:stone_axe":1},"minecraft:picked_up":{"minecraft:wooden_axe":2,"minecraft:stripped_oak_log":8,"minecraft:crafting_table":4,"minecraft:wheat":5,"minecraft:gold_block":2,"minecraft:oak_log":36,"minecraft:brewing_stand":2,"minecraft:yellow_bed":2,"minecraft:gunpowder":1,"minecraft:cobblestone_stairs":4,"minecraft:dirt":15,"minecraft:string":3,"minecraft:blue_bed":3,"minecraft:wheat_seeds":28,"minecraft:bell":1,"minecraft:spruce_planks":2,"minecraft:oak_boat":2,"minecraft:poppy":1,"minecraft:lectern":1,"minecraft:sugar_cane":46,"minecraft:oak_planks":12,"minecraft:egg":1,"minecraft:book":12,"minecraft:stick":6,"minecraft:dandelion":1,"minecraft:porkchop":34,"minecraft:spruce_sapling":2,"minecraft:white_bed":8,"minecraft:spruce_log":26,"minecraft:purple_bed":2,"minecraft:rotten_flesh":2,"minecraft:mutton":4,"minecraft:coal":20,"minecraft:white_wool":2,"minecraft:cobblestone":21},"minecraft:crafted":{"minecraft:oak_planks":160,"minecraft:fishing_rod":1,"minecraft:cooked_porkchop":9,"minecraft:crafting_table":3,"minecraft:spruce_planks":104,"minecraft:wooden_pickaxe":1,"minecraft:furnace":1,"minecraft:stone_axe":2,"minecraft:bread":1,"minecraft:air":0,"minecraft:oak_boat":1,"minecraft:stick":16,"minecraft:iron_ingot":3,"minecraft:iron_pickaxe":1,"minecraft:stone_pickaxe":1,"minecraft:chest":2},"minecraft:mined":{"minecraft:spruce_planks":2,"minecraft:white_bed":8,"minecraft:cobblestone_stairs":4,"minecraft:dandelion":1,"minecraft:brewing_stand":2,"minecraft:crafting_table":4,"minecraft:short_grass":64,"minecraft:poppy":1,"minecraft:lectern":1,"minecraft:tall_grass":18,"minecraft:cobblestone":7,"minecraft:spruce_leaves":14,"minecraft:oak_planks":12,"minecraft:sugar_cane":21,"minecraft:blue_bed":3,"minecraft:large_fern":6,"minecraft:purple_bed":1,"minecraft:wheat":12,"minecraft:sweet_berry_bush":1,"minecraft:spruce_log":26,"minecraft:yellow_bed":2,"minecraft:gold_block":2,"minecraft:bell":1,"minecraft:bookshelf":4,"minecraft:oak_log":36,"minecraft:coal_ore":20,"minecraft:dirt":3,"minecraft:stripped_oak_log":8,"minecraft:stone":14,"minecraft:oak_leaves":5},"minecraft:killed":{"minecraft:pig":16,"minecraft:spider":1,"minecraft:creeper":1,"minecraft:sheep":2,"minecraft:zombie":1},"minecraft:custom":{"minecraft:interact_with_furnace":4,"minecraft:mob_kills":21,"minecraft:interact_with_crafting_table":16,"minecraft:bell_ring":21,"minecraft:time_since_death":53328,"minecraft:sleep_in_bed":2,"minecraft:climb_one_cm":587,"minecraft:time_since_rest":27748,"minecraft:sprint_one_cm":229526,"minecraft:damage_taken":490,"minecraft:walk_one_cm":108914,"minecraft:drop":4,"minecraft:damage_dealt":2451,"minecraft:talked_to_villager":3,"minecraft:swim_one_cm":24614,"minecraft:fly_one_cm":353923,"minecraft:open_chest":8,"minecraft:crouch_one_cm":4442,"minecraft:play_time":53328,"minecraft:sneak_time":1059,"minecraft:walk_under_water_one_cm":2105,"minecraft:boat_one_cm":11253,"minecraft:jump":1607,"minecraft:walk_on_water_one_cm":9712,"minecraft:total_world_time":53328,"minecraft:fall_one_cm":36776},"minecraft:used":{"minecraft:stone_pickaxe":33,"minecraft:oak_planks":23,"minecraft:chest":2,"minecraft:spruce_planks":93,"minecraft:wooden_pickaxe":4,"minecraft:bell":1,"minecraft:blue_bed":3,"minecraft:dirt":8,"minecraft:crafting_table":7,"minecraft:white_bed":8,"minecraft:oak_log":4,"minecraft:bread":10,"minecraft:iron_pickaxe":14,"minecraft:spruce_sapling":4,"minecraft:stone_axe":137,"minecraft:fishing_rod":9,"minecraft:cobblestone":4,"minecraft:purple_bed":2,"minecraft:furnace":1,"minecraft:cooked_porkchop":5,"minecraft:porkchop":1,"minecraft:yellow_bed":2,"minecraft:oak_boat":2,"minecraft:potato":2},"minecraft:dropped":{"minecraft:stick":9,"minecraft:wooden_axe":2,"minecraft:string":1}},"DataVersion":3953}