{"stats":{"minecraft:crafted":{"minecraft:grindstone":1,"minecraft:oak_planks":160,"minecraft:smooth_stone":3,"minecraft:chainmail_helmet":14,"minecraft:cobblestone_slab":252,"minecraft:barrel":1,"minecraft:stone":11,"minecraft:cobblestone_stairs":256,"minecraft:lever":1,"minecraft:glass":1,"minecraft:hopper":10,"minecraft:diamond_helmet":2,"minecraft:diamond_leggings":2,"minecraft:chest":37,"minecraft:oak_slab":12,"minecraft:emerald":166,"minecraft:cooked_porkchop":34,"minecraft:diamond_axe":9,"minecraft:map":14,"minecraft:crafting_table":5,"minecraft:spruce_planks":2436,"minecraft:wooden_pickaxe":1,"minecraft:iron_helmet":10,"minecraft:smithing_table":1,"minecraft:purple_banner":2,"minecraft:spruce_trapdoor":4,"minecraft:diamond_pickaxe":1,"minecraft:paper":45,"minecraft:shield":1,"minecraft:stick":632,"minecraft:stone_slab":6,"minecraft:iron_ingot":138,"minecraft:iron_pickaxe":1,"minecraft:composter":1,"minecraft:spruce_fence_gate":84,"minecraft:shears":1,"minecraft:redstone":26,"minecraft:stone_shovel":1,"minecraft:fishing_rod":1,"minecraft:tripwire_hook":2,"minecraft:furnace":2,"minecraft:blast_furnace":1,"minecraft:sugar_cane":8,"minecraft:bone_meal":39,"minecraft:oak_trapdoor":4,"minecraft:flint_and_steel":1,"minecraft:iron_axe":29,"minecraft:ladder":114,"minecraft:iron_hoe":1,"minecraft:spruce_slab":126,"minecraft:cobblestone_wall":234,"minecraft:ender_pearl":12,"minecraft:stone_pickaxe":1,"minecraft:diamond_boots":2,"minecraft:dark_oak_planks":12,"minecraft:chainmail_leggings":12,"minecraft:diamond_sword":1,"minecraft:spruce_sign":9,"minecraft:bell":14,"minecraft:bucket":4,"minecraft:stone_axe":12,"minecraft:glowstone":12,"minecraft:bread":100,"minecraft:air":0,"minecraft:oak_boat":2,"minecraft:white_wool":76,"minecraft:gunpowder":8,"minecraft:iron_shovel":9,"minecraft:white_bed":25,"minecraft:torch":24,"minecraft:lapis_lazuli":12,"minecraft:diamond_chestplate":2},"minecraft:killed":{"minecraft:spider":10,"minecraft:piglin":4,"minecraft:pig":17,"minecraft:iron_golem":18,"minecraft:creeper":3,"minecraft:sheep":2,"minecraft:pillager":2,"minecraft:zombie":18,"minecraft:horse":5,"minecraft:drowned":2,"minecraft:villager":1,"minecraft:enderman":1},"minecraft:dropped":{"minecraft:diamond_axe":3,"minecraft:crossbow":1,"minecraft:leather":2,"minecraft:dirt":273,"minecraft:gravel":3,"minecraft:stone_axe":12,"minecraft:wheat":16,"minecraft:beetroot":8,"minecraft:oak_planks":5,"minecraft:diamond_shovel":6,"minecraft:white_bed":20,"minecraft:carrot":77,"minecraft:bread":99,"minecraft:wheat_seeds":20,"minecraft:diamond_leggings":2,"minecraft:iron_helmet":10,"minecraft:cobblestone":64,"minecraft:granite":35,"minecraft:chainmail_helmet":12,"minecraft:stick":11,"minecraft:oxeye_daisy":2,"minecraft:lava_bucket":1,"minecraft:wooden_axe":2,"minecraft:map":1,"minecraft:diamond_helmet":2,"minecraft:iron_axe":31,"minecraft:iron_shovel":5,"minecraft:chainmail_leggings":12,"minecraft:paper":5,"minecraft:string":1,"minecraft:dandelion":9,"minecraft:raw_copper":6,"minecraft:glass_pane":3,"minecraft:diamond_sword":1,"minecraft:potato":95,"minecraft:diamond_chestplate":2,"minecraft:spruce_planks":1,"minecraft:diamond_pickaxe":1,"minecraft:andesite":94,"minecraft:diamond_boots":2,"minecraft:bell":1},"minecraft:killed_by":{"minecraft:zombie":1},"minecraft:mined":{"minecraft:dark_oak_planks":2,"minecraft:spruce_planks":68,"minecraft:white_bed":12,"minecraft:cobblestone_stairs":18,"minecraft:brewing_stand":4,"minecraft:obsidian":9,"minecraft:granite":49,"minecraft:grass_block":6091,"minecraft:composter":3,"minecraft:hopper":1,"minecraft:oxeye_daisy":1,"minecraft:dirt_path":17,"minecraft:oak_stairs":2,"minecraft:spruce_slab":10,"minecraft:tripwire":7,"minecraft:smoker":1,"minecraft:blast_furnace":1,"minecraft:poppy":1,"minecraft:chest":1,"minecraft:nether_quartz_ore":4,"minecraft:cobblestone":32,"minecraft:sugar_cane":207,"minecraft:oak_planks":50,"minecraft:wheat":124,"minecraft:oak_log":36,"minecraft:beetroots":8,"minecraft:sand":11,"minecraft:dirt":6337,"minecraft:tripwire_hook":1,"minecraft:netherrack":166,"minecraft:oak_leaves":5,"minecraft:spruce_leaves":67,"minecraft:cartography_table":2,"minecraft:large_fern":6,"minecraft:oak_trapdoor":2,"minecraft:spruce_sapling":1,"minecraft:carrots":24,"minecraft:andesite":162,"minecraft:gold_block":2,"minecraft:bell":1,"minecraft:bookshelf":4,"minecraft:potatoes":66,"minecraft:stripped_oak_log":8,"minecraft:stone":1546,"minecraft:podzol":16,"minecraft:glass_pane":2,"minecraft:soul_sand":11,"minecraft:dandelion":4,"minecraft:oak_fence":1,"minecraft:crafting_table":5,"minecraft:short_grass":340,"minecraft:lectern":1,"minecraft:tall_grass":76,"minecraft:copper_ore":8,"minecraft:lapis_ore":2,"minecraft:diorite":1,"minecraft:blue_bed":3,"minecraft:purple_bed":1,"minecraft:sweet_berry_bush":1,"minecraft:spruce_log":617,"minecraft:yellow_bed":2,"minecraft:coal_ore":66,"minecraft:gravel":51,"minecraft:spruce_fence_gate":2},"minecraft:custom":{"minecraft:interact_with_crafting_table":67,"minecraft:open_barrel":2,"minecraft:bell_ring":21,"minecraft:leave_game":8,"minecraft:time_since_death":309091,"minecraft:sprint_one_cm":1341117,"minecraft:damage_blocked_by_shield":110,"minecraft:drop":179,"minecraft:talked_to_villager":124,"minecraft:play_time":458874,"minecraft:deaths":1,"minecraft:jump":8643,"minecraft:walk_on_water_one_cm":119632,"minecraft:interact_with_furnace":25,"minecraft:traded_with_villager":380,"minecraft:sleep_in_bed":32,"minecraft:damage_dealt":27896,"minecraft:crouch_one_cm":67538,"minecraft:interact_with_smoker":13,"minecraft:horse_one_cm":1786,"minecraft:mob_kills":83,"minecraft:climb_one_cm":2943,"minecraft:walk_one_cm":1350350,"minecraft:sneak_time":20487,"minecraft:walk_under_water_one_cm":33328,"minecraft:boat_one_cm":11275,"minecraft:interact_with_blast_furnace":2,"minecraft:total_world_time":458874,"minecraft:time_since_rest":3757,"minecraft:damage_taken":3340,"minecraft:swim_one_cm":107505,"minecraft:fly_one_cm":1998911,"minecraft:open_chest":220,"minecraft:fall_one_cm":202124},"minecraft:used":{"minecraft:iron_shovel":2032,"minecraft:spruce_slab":113,"minecraft:ladder":18,"minecraft:chest":21,"minecraft:shield":3,"minecraft:bell":1,"minecraft:carrot":4,"minecraft:obsidian":3,"minecraft:glass":1,"minecraft:lava_bucket":1,"minecraft:villager_spawn_egg":3,"minecraft:grass_block":1,"minecraft:furnace":1,"minecraft:egg":1,"minecraft:potato":135,"minecraft:diamond_boots":1,"minecraft:stone_pickaxe":33,"minecraft:oak_planks":89,"minecraft:wooden_pickaxe":4,"minecraft:sugar_cane":144,"minecraft:composter":5,"minecraft:blue_bed":3,"minecraft:diamond_axe":737,"minecraft:blast_furnace":2,"minecraft:shears":22,"minecraft:lever":1,"minecraft:bread":56,"minecraft:string":29,"minecraft:diamond_sword":122,"minecraft:grindstone":1,"minecraft:smithing_table":1,"minecraft:andesite":1,"minecraft:oak_boat":5,"minecraft:bone_meal":15,"minecraft:experience_bottle":1,"minecraft:oak_fence":1,"minecraft:oak_trapdoor":5,"minecraft:flint_and_steel":1,"minecraft:stone_shovel":149,"minecraft:redstone":2,"minecraft:spruce_planks":1443,"minecraft:netherrack":19,"minecraft:torch":25,"minecraft:brewing_stand":2,"minecraft:dirt":1385,"minecraft:hopper":10,"minecraft:cobblestone_wall":193,"minecraft:granite":4,"minecraft:iron_hoe":176,"minecraft:dark_oak_planks":11,"minecraft:iron_axe":128,"minecraft:barrel":1,"minecraft:tripwire_hook":6,"minecraft:wheat_seeds":100,"minecraft:water_bucket":172,"minecraft:cobblestone_stairs":182,"minecraft:cartography_table":2,"minecraft:spruce_sign":9,"minecraft:spruce_fence_gate":80,"minecraft:oak_slab":1,"minecraft:crafting_table":9,"minecraft:white_bed":17,"minecraft:spruce_log":7,"minecraft:smoker":1,"minecraft:oak_log":4,"minecraft:diamond_pickaxe":2167,"minecraft:diamond_shovel":7033,"minecraft:iron_pickaxe":62,"minecraft:spruce_trapdoor":3,"minecraft:spruce_sapling":41,"minecraft:stone_axe":207,"minecraft:fishing_rod":9,"minecraft:cobblestone":47,"minecraft:purple_bed":3,"minecraft:porkchop":1,"minecraft:cooked_porkchop":34,"minecraft:bucket":100,"minecraft:yellow_bed":2,"minecraft:diamond_leggings":1},"minecraft:picked_up":{"minecraft:wooden_axe":2,"minecraft:wheat":29,"minecraft:lead":2,"minecraft:oak_stairs":1,"minecraft:brewing_stand":5,"minecraft:string":4338,"minecraft:raw_copper":19,"minecraft:beetroot":8,"minecraft:diamond_leggings":2,"minecraft:spruce_planks":228,"minecraft:iron_pickaxe":1,"minecraft:stick":28,"minecraft:composter":3,"minecraft:oak_fence":2,"minecraft:torch":2,"minecraft:porkchop":35,"minecraft:rotten_flesh":33,"minecraft:obsidian":9,"minecraft:cobblestone":1081,"minecraft:water_bucket":1,"minecraft:andesite":96,"minecraft:smoker":1,"minecraft:potato":219,"minecraft:flint":3,"minecraft:map":1,"minecraft:lapis_lazuli":10,"minecraft:dirt":5055,"minecraft:bone":1,"minecraft:wheat_seeds":359,"minecraft:bell":2,"minecraft:diamond_helmet":1,"minecraft:oak_planks":95,"minecraft:cooked_porkchop":15,"minecraft:sand":1,"minecraft:ink_sac":3,"minecraft:grass_block":1,"minecraft:iron_hoe":1,"minecraft:spruce_fence_gate":1,"minecraft:lever":1,"minecraft:crossbow":2,"minecraft:granite":44,"minecraft:bread":3,"minecraft:emerald":6,"minecraft:chainmail_helmet":12,"minecraft:netherrack":88,"minecraft:crafting_table":5,"minecraft:gold_block":2,"minecraft:shield":1,"minecraft:cornflower":5,"minecraft:oak_trapdoor":2,"minecraft:iron_axe":25,"minecraft:iron_shovel":2,"minecraft:cartography_table":1,"minecraft:oak_boat":3,"minecraft:poppy":12,"minecraft:spruce_slab":35,"minecraft:lectern":1,"minecraft:sugar_cane":385,"minecraft:chest":1,"minecraft:spruce_trapdoor":1,"minecraft:egg":1,"minecraft:carrot":77,"minecraft:dark_oak_planks":5,"minecraft:diamond_chestplate":1,"minecraft:arrow":4,"minecraft:stone_shovel":1,"minecraft:beetroot_seeds":22,"minecraft:shears":1,"minecraft:diamond_boots":2,"minecraft:hay_block":1,"minecraft:mutton":4,"minecraft:white_wool":13,"minecraft:oxeye_daisy":4,"minecraft:stripped_oak_log":8,"minecraft:tripwire_hook":2,"minecraft:leather":7,"minecraft:oak_log":36,"minecraft:yellow_bed":2,"minecraft:gunpowder":3,"minecraft:cobblestone_stairs":18,"minecraft:blue_bed":3,"minecraft:paper":7,"minecraft:iron_ingot":83,"minecraft:stone_pickaxe":1,"minecraft:soul_sand":10,"minecraft:book":12,"minecraft:oak_slab":5,"minecraft:quartz":4,"minecraft:dandelion":18,"minecraft:gravel":41,"minecraft:spruce_sapling":35,"minecraft:blast_furnace":1,"minecraft:white_bed":32,"minecraft:spruce_log":616,"minecraft:spider_eye":2,"minecraft:diamond_shovel":3,"minecraft:purple_bed":3,"minecraft:stone_axe":11,"minecraft:chainmail_leggings":12,"minecraft:iron_helmet":10,"minecraft:diamond_axe":2,"minecraft:coal":62,"minecraft:hopper":1,"minecraft:ender_pearl":2},"minecraft:broken":{"minecraft:iron_shovel":7,"minecraft:diamond_shovel":4,"minecraft:stone_axe":2}},"DataVersion":3953}