{"stats":{"minecraft:picked_up":{"minecraft:wooden_axe":2,"minecraft:stripped_oak_log":8,"minecraft:crafting_table":4,"minecraft:wheat":5,"minecraft:gold_block":2,"minecraft:oak_log":36,"minecraft:brewing_stand":2,"minecraft:yellow_bed":2,"minecraft:string":1,"minecraft:blue_bed":3,"minecraft:wheat_seeds":24,"minecraft:bell":1,"minecraft:spruce_planks":2,"minecraft:oak_boat":1,"minecraft:poppy":1,"minecraft:lectern":1,"minecraft:sugar_cane":46,"minecraft:oak_planks":3,"minecraft:book":12,"minecraft:stick":6,"minecraft:dandelion":1,"minecraft:porkchop":10,"minecraft:spruce_sapling":2,"minecraft:white_bed":8,"minecraft:spruce_log":26,"minecraft:purple_bed":2,"minecraft:mutton":4,"minecraft:coal":20,"minecraft:white_wool":2,"minecraft:cobblestone":18},"minecraft:crafted":{"minecraft:oak_planks":32,"minecraft:cooked_porkchop":2,"minecraft:crafting_table":2,"minecraft:spruce_planks":104,"minecraft:wooden_pickaxe":1,"minecraft:furnace":1,"minecraft:stone_axe":1,"minecraft:bread":1,"minecraft:air":0,"minecraft:oak_boat":1,"minecraft:stick":8,"minecraft:iron_ingot":3,"minecraft:iron_pickaxe":1,"minecraft:stone_pickaxe":1},"minecraft:mined":{"minecraft:spruce_planks":2,"minecraft:white_bed":8,"minecraft:dandelion":1,"minecraft:brewing_stand":2,"minecraft:crafting_table":4,"minecraft:short_grass":49,"minecraft:poppy":1,"minecraft:lectern":1,"minecraft:tall_grass":13,"minecraft:cobblestone":4,"minecraft:spruce_leaves":14,"minecraft:oak_planks":3,"minecraft:sugar_cane":21,"minecraft:blue_bed":3,"minecraft:large_fern":6,"minecraft:purple_bed":1,"minecraft:wheat":12,"minecraft:sweet_berry_bush":1,"minecraft:spruce_log":26,"minecraft:yellow_bed":2,"minecraft:gold_block":2,"minecraft:bell":1,"minecraft:bookshelf":4,"minecraft:oak_log":36,"minecraft:coal_ore":20,"minecraft:stripped_oak_log":8,"minecraft:stone":14,"minecraft:oak_leaves":5},"minecraft:killed":{"minecraft:pig":5,"minecraft:spider":1,"minecraft:sheep":2,"minecraft:zombie":1},"minecraft:custom":{"minecraft:interact_with_furnace":3,"minecraft:mob_kills":9,"minecraft:interact_with_crafting_table":10,"minecraft:bell_ring":8,"minecraft:time_since_death":41328,"minecraft:sleep_in_bed":2,"minecraft:climb_one_cm":587,"minecraft:time_since_rest":15748,"minecraft:sprint_one_cm":189349,"minecraft:damage_taken":400,"minecraft:walk_one_cm":69453,"minecraft:drop":4,"minecraft:damage_dealt":1011,"minecraft:talked_to_villager":3,"minecraft:swim_one_cm":19140,"minecraft:fly_one_cm":249025,"minecraft:open_chest":6,"minecraft:crouch_one_cm":3553,"minecraft:play_time":41328,"minecraft:sneak_time":820,"minecraft:walk_under_water_one_cm":2012,"minecraft:boat_one_cm":4436,"minecraft:jump":1217,"minecraft:walk_on_water_one_cm":7230,"minecraft:total_world_time":41328,"minecraft:fall_one_cm":26847},"minecraft:used":{"minecraft:stone_pickaxe":33,"minecraft:oak_planks":12,"minecraft:spruce_planks":93,"minecraft:wooden_pickaxe":4,"minecraft:blue_bed":3,"minecraft:crafting_table":6,"minecraft:white_bed":8,"minecraft:bread":10,"minecraft:iron_pickaxe":6,"minecraft:spruce_sapling":4,"minecraft:stone_axe":113,"minecraft:cobblestone":4,"minecraft:purple_bed":1,"minecraft:furnace":1,"minecraft:cooked_porkchop":2,"minecraft:porkchop":1,"minecraft:yellow_bed":2,"minecraft:oak_boat":1,"minecraft:potato":2},"minecraft:dropped":{"minecraft:stick":9,"minecraft:wooden_axe":2,"minecraft:string":1}},"DataVersion":3953}