{"stats":{"minecraft:picked_up":{"minecraft:stick":3,"minecraft:crafting_table":2,"minecraft:spruce_log":12,"minecraft:sugar_cane":10,"minecraft:coal":20,"minecraft:cobblestone":14},"minecraft:used":{"minecraft:stone_axe":8,"minecraft:crafting_table":2,"minecraft:stone_pickaxe":30,"minecraft:wooden_pickaxe":4},"minecraft:mined":{"minecraft:coal_ore":20,"minecraft:spruce_leaves":1,"minecraft:spruce_log":12,"minecraft:stone":14,"minecraft:sugar_cane":5,"minecraft:crafting_table":2},"minecraft:crafted":{"minecraft:stone_axe":1,"minecraft:crafting_table":1,"minecraft:spruce_planks":24,"minecraft:stick":8,"minecraft:wooden_pickaxe":1,"minecraft:stone_pickaxe":1},"minecraft:custom":{"minecraft:time_since_rest":11530,"minecraft:crouch_one_cm":997,"minecraft:play_time":11530,"minecraft:sprint_one_cm":24769,"minecraft:damage_taken":50,"minecraft:walk_one_cm":12883,"minecraft:sneak_time":224,"minecraft:walk_under_water_one_cm":87,"minecraft:jump":127,"minecraft:walk_on_water_one_cm":789,"minecraft:time_since_death":11530,"minecraft:total_world_time":11530,"minecraft:swim_one_cm":2887,"minecraft:fall_one_cm":3295,"minecraft:interact_with_crafting_table":4,"minecraft:fly_one_cm":16500}},"DataVersion":3953}