{"stats":{"minecraft:broken":{"minecraft:stone_axe":1},"minecraft:picked_up":{"minecraft:wooden_axe":2,"minecraft:crafting_table":4,"minecraft:wheat":23,"minecraft:oak_stairs":1,"minecraft:gold_block":2,"minecraft:brewing_stand":4,"minecraft:string":1564,"minecraft:oak_trapdoor":2,"minecraft:beetroot":8,"minecraft:cartography_table":1,"minecraft:spruce_planks":2,"minecraft:oak_boat":3,"minecraft:poppy":1,"minecraft:lectern":1,"minecraft:sugar_cane":46,"minecraft:egg":1,"minecraft:stick":6,"minecraft:composter":1,"minecraft:oak_fence":1,"minecraft:porkchop":35,"minecraft:carrot":59,"minecraft:dark_oak_planks":2,"minecraft:arrow":4,"minecraft:rotten_flesh":2,"minecraft:beetroot_seeds":22,"minecraft:mutton":4,"minecraft:white_wool":2,"minecraft:cobblestone":40,"minecraft:stripped_oak_log":8,"minecraft:tripwire_hook":2,"minecraft:andesite":4,"minecraft:leather":5,"minecraft:smoker":1,"minecraft:potato":35,"minecraft:oak_log":36,"minecraft:yellow_bed":2,"minecraft:gunpowder":1,"minecraft:cobblestone_stairs":4,"minecraft:blue_bed":3,"minecraft:dirt":58,"minecraft:bone":1,"minecraft:wheat_seeds":101,"minecraft:bell":1,"minecraft:iron_ingot":8,"minecraft:oak_planks":34,"minecraft:book":12,"minecraft:dandelion":3,"minecraft:spruce_sapling":2,"minecraft:blast_furnace":1,"minecraft:white_bed":8,"minecraft:spruce_log":26,"minecraft:spider_eye":1,"minecraft:purple_bed":2,"minecraft:lever":1,"minecraft:chainmail_leggings":12,"minecraft:iron_helmet":10,"minecraft:granite":9,"minecraft:coal":20},"minecraft:crafted":{"minecraft:smooth_stone":3,"minecraft:oak_planks":160,"minecraft:redstone":2,"minecraft:stone_shovel":1,"minecraft:barrel":1,"minecraft:tripwire_hook":2,"minecraft:fishing_rod":1,"minecraft:furnace":2,"minecraft:blast_furnace":1,"minecraft:stone":3,"minecraft:lever":1,"minecraft:oak_trapdoor":4,"minecraft:stone_pickaxe":1,"minecraft:chest":4,"minecraft:dark_oak_planks":12,"minecraft:chainmail_leggings":12,"minecraft:oak_slab":6,"minecraft:emerald":58,"minecraft:cooked_porkchop":34,"minecraft:crafting_table":3,"minecraft:spruce_planks":104,"minecraft:iron_helmet":10,"minecraft:wooden_pickaxe":1,"minecraft:bucket":1,"minecraft:stone_axe":2,"minecraft:bread":4,"minecraft:air":0,"minecraft:oak_boat":2,"minecraft:paper":45,"minecraft:shield":1,"minecraft:stick":20,"minecraft:iron_ingot":12,"minecraft:iron_pickaxe":1,"minecraft:shears":1},"minecraft:mined":{"minecraft:dark_oak_planks":2,"minecraft:spruce_planks":2,"minecraft:white_bed":8,"minecraft:cobblestone_stairs":4,"minecraft:brewing_stand":4,"minecraft:granite":3,"minecraft:grass_block":31,"minecraft:spruce_leaves":14,"minecraft:composter":1,"minecraft:cartography_table":2,"minecraft:large_fern":6,"minecraft:oak_trapdoor":2,"minecraft:carrots":19,"minecraft:andesite":2,"minecraft:gold_block":2,"minecraft:bell":1,"minecraft:bookshelf":4,"minecraft:potatoes":14,"minecraft:oak_stairs":1,"minecraft:stripped_oak_log":8,"minecraft:stone":19,"minecraft:tripwire":6,"minecraft:glass_pane":1,"minecraft:smoker":1,"minecraft:dandelion":2,"minecraft:crafting_table":4,"minecraft:short_grass":98,"minecraft:blast_furnace":1,"minecraft:poppy":1,"minecraft:lectern":1,"minecraft:tall_grass":20,"minecraft:cobblestone":15,"minecraft:sugar_cane":21,"minecraft:oak_planks":29,"minecraft:blue_bed":3,"minecraft:purple_bed":1,"minecraft:wheat":44,"minecraft:sweet_berry_bush":1,"minecraft:spruce_log":26,"minecraft:yellow_bed":2,"minecraft:coal_ore":20,"minecraft:oak_log":36,"minecraft:beetroots":8,"minecraft:dirt":9,"minecraft:tripwire_hook":1,"minecraft:oak_leaves":5},"minecraft:killed":{"minecraft:spider":2,"minecraft:horse":4,"minecraft:pig":17,"minecraft:iron_golem":2,"minecraft:creeper":1,"minecraft:sheep":2,"minecraft:pillager":2,"minecraft:zombie":1,"minecraft:villager":1},"minecraft:custom":{"minecraft:mob_kills":32,"minecraft:interact_with_crafting_table":29,"minecraft:bell_ring":21,"minecraft:time_since_death":107328,"minecraft:climb_one_cm":825,"minecraft:sprint_one_cm":423079,"minecraft:walk_one_cm":212547,"minecraft:drop":35,"minecraft:talked_to_villager":30,"minecraft:play_time":107328,"minecraft:sneak_time":2950,"minecraft:walk_under_water_one_cm":3503,"minecraft:boat_one_cm":11275,"minecraft:jump":3074,"minecraft:interact_with_blast_furnace":1,"minecraft:walk_on_water_one_cm":16304,"minecraft:total_world_time":107328,"minecraft:interact_with_furnace":17,"minecraft:traded_with_villager":82,"minecraft:sleep_in_bed":8,"minecraft:time_since_rest":1181,"minecraft:damage_taken":760,"minecraft:damage_dealt":5860,"minecraft:swim_one_cm":25511,"minecraft:fly_one_cm":663958,"minecraft:open_chest":33,"minecraft:crouch_one_cm":9982,"minecraft:interact_with_smoker":11,"minecraft:fall_one_cm":81659},"minecraft:used":{"minecraft:oak_trapdoor":5,"minecraft:redstone":2,"minecraft:stone_shovel":38,"minecraft:spruce_planks":93,"minecraft:chest":4,"minecraft:bell":1,"minecraft:brewing_stand":2,"minecraft:dirt":31,"minecraft:granite":4,"minecraft:dark_oak_planks":11,"minecraft:barrel":1,"minecraft:tripwire_hook":6,"minecraft:furnace":1,"minecraft:potato":4,"minecraft:wheat_seeds":20,"minecraft:water_bucket":11,"minecraft:stone_pickaxe":33,"minecraft:oak_planks":60,"minecraft:cartography_table":1,"minecraft:wooden_pickaxe":4,"minecraft:sugar_cane":1,"minecraft:blue_bed":3,"minecraft:crafting_table":7,"minecraft:blast_furnace":2,"minecraft:white_bed":8,"minecraft:shears":22,"minecraft:smoker":1,"minecraft:oak_log":4,"minecraft:lever":1,"minecraft:bread":10,"minecraft:iron_pickaxe":36,"minecraft:string":28,"minecraft:spruce_sapling":4,"minecraft:stone_axe":203,"minecraft:fishing_rod":9,"minecraft:cobblestone":4,"minecraft:purple_bed":2,"minecraft:porkchop":1,"minecraft:cooked_porkchop":14,"minecraft:bucket":11,"minecraft:andesite":1,"minecraft:yellow_bed":2,"minecraft:oak_boat":5,"minecraft:experience_bottle":1},"minecraft:dropped":{"minecraft:bread":3,"minecraft:iron_helmet":10,"minecraft:stick":9,"minecraft:wooden_axe":2,"minecraft:chainmail_leggings":12,"minecraft:string":1,"minecraft:wheat":15,"minecraft:beetroot":8,"minecraft:oak_planks":5,"minecraft:carrot":63,"minecraft:potato":33}},"DataVersion":3953}