{"stats":{"minecraft:broken":{"minecraft:stone_axe":1},"minecraft:picked_up":{"minecraft:wooden_axe":2,"minecraft:stripped_oak_log":8,"minecraft:crafting_table":4,"minecraft:wheat":13,"minecraft:tripwire_hook":2,"minecraft:andesite":4,"minecraft:leather":5,"minecraft:smoker":1,"minecraft:potato":27,"minecraft:gold_block":2,"minecraft:oak_trapdoor":2,"minecraft:oak_log":36,"minecraft:brewing_stand":3,"minecraft:yellow_bed":2,"minecraft:gunpowder":1,"minecraft:cobblestone_stairs":4,"minecraft:dirt":38,"minecraft:string":36,"minecraft:blue_bed":3,"minecraft:bone":1,"minecraft:beetroot":7,"minecraft:wheat_seeds":65,"minecraft:bell":1,"minecraft:spruce_planks":2,"minecraft:iron_ingot":5,"minecraft:oak_boat":2,"minecraft:poppy":1,"minecraft:lectern":1,"minecraft:sugar_cane":46,"minecraft:oak_planks":24,"minecraft:egg":1,"minecraft:book":12,"minecraft:stick":6,"minecraft:oak_fence":1,"minecraft:dandelion":1,"minecraft:porkchop":35,"minecraft:spruce_sapling":2,"minecraft:carrot":40,"minecraft:white_bed":8,"minecraft:spruce_log":26,"minecraft:spider_eye":1,"minecraft:arrow":4,"minecraft:purple_bed":2,"minecraft:rotten_flesh":2,"minecraft:beetroot_seeds":20,"minecraft:lever":1,"minecraft:granite":6,"minecraft:mutton":4,"minecraft:coal":20,"minecraft:white_wool":2,"minecraft:cobblestone":37},"minecraft:crafted":{"minecraft:oak_planks":160,"minecraft:stone_shovel":1,"minecraft:fishing_rod":1,"minecraft:cooked_porkchop":9,"minecraft:crafting_table":3,"minecraft:spruce_planks":104,"minecraft:wooden_pickaxe":1,"minecraft:furnace":1,"minecraft:lever":1,"minecraft:bucket":1,"minecraft:stone_axe":2,"minecraft:bread":1,"minecraft:air":0,"minecraft:oak_trapdoor":2,"minecraft:oak_boat":1,"minecraft:stick":16,"minecraft:iron_ingot":4,"minecraft:iron_pickaxe":1,"minecraft:stone_pickaxe":1,"minecraft:chest":2,"minecraft:shears":1},"minecraft:mined":{"minecraft:spruce_planks":2,"minecraft:white_bed":8,"minecraft:smoker":1,"minecraft:cobblestone_stairs":4,"minecraft:dandelion":2,"minecraft:brewing_stand":3,"minecraft:crafting_table":4,"minecraft:short_grass":92,"minecraft:grass_block":11,"minecraft:poppy":1,"minecraft:lectern":1,"minecraft:tall_grass":20,"minecraft:cobblestone":12,"minecraft:spruce_leaves":14,"minecraft:oak_planks":24,"minecraft:sugar_cane":21,"minecraft:blue_bed":3,"minecraft:large_fern":6,"minecraft:purple_bed":1,"minecraft:oak_trapdoor":2,"minecraft:carrots":12,"minecraft:wheat":30,"minecraft:sweet_berry_bush":1,"minecraft:spruce_log":26,"minecraft:andesite":2,"minecraft:yellow_bed":2,"minecraft:gold_block":2,"minecraft:bell":1,"minecraft:beetroots":7,"minecraft:potatoes":12,"minecraft:bookshelf":4,"minecraft:oak_log":36,"minecraft:coal_ore":20,"minecraft:dirt":9,"minecraft:stripped_oak_log":8,"minecraft:tripwire_hook":1,"minecraft:stone":19,"minecraft:oak_leaves":5,"minecraft:tripwire":3},"minecraft:killed":{"minecraft:pig":17,"minecraft:spider":2,"minecraft:iron_golem":1,"minecraft:creeper":1,"minecraft:horse":4,"minecraft:sheep":2,"minecraft:pillager":2,"minecraft:zombie":1},"minecraft:custom":{"minecraft:interact_with_furnace":6,"minecraft:mob_kills":30,"minecraft:interact_with_crafting_table":20,"minecraft:bell_ring":21,"minecraft:time_since_death":77328,"minecraft:sleep_in_bed":4,"minecraft:climb_one_cm":587,"minecraft:time_since_rest":10859,"minecraft:sprint_one_cm":322299,"minecraft:damage_taken":690,"minecraft:walk_one_cm":154941,"minecraft:drop":8,"minecraft:damage_dealt":4660,"minecraft:talked_to_villager":5,"minecraft:swim_one_cm":25145,"minecraft:fly_one_cm":529836,"minecraft:open_chest":12,"minecraft:crouch_one_cm":8419,"minecraft:play_time":77328,"minecraft:sneak_time":2273,"minecraft:walk_under_water_one_cm":2591,"minecraft:boat_one_cm":11253,"minecraft:jump":2394,"minecraft:walk_on_water_one_cm":15332,"minecraft:total_world_time":77328,"minecraft:fall_one_cm":60282},"minecraft:used":{"minecraft:oak_trapdoor":2,"minecraft:water_bucket":5,"minecraft:stone_shovel":15,"minecraft:stone_pickaxe":33,"minecraft:oak_planks":43,"minecraft:chest":2,"minecraft:spruce_planks":93,"minecraft:wooden_pickaxe":4,"minecraft:bell":1,"minecraft:blue_bed":3,"minecraft:brewing_stand":2,"minecraft:dirt":31,"minecraft:crafting_table":7,"minecraft:white_bed":8,"minecraft:granite":1,"minecraft:shears":20,"minecraft:oak_log":4,"minecraft:lever":1,"minecraft:string":21,"minecraft:bread":10,"minecraft:iron_pickaxe":28,"minecraft:spruce_sapling":4,"minecraft:stone_axe":181,"minecraft:tripwire_hook":2,"minecraft:fishing_rod":9,"minecraft:cobblestone":4,"minecraft:purple_bed":2,"minecraft:furnace":1,"minecraft:cooked_porkchop":9,"minecraft:porkchop":1,"minecraft:andesite":1,"minecraft:bucket":6,"minecraft:yellow_bed":2,"minecraft:oak_boat":2,"minecraft:potato":4,"minecraft:experience_bottle":1},"minecraft:dropped":{"minecraft:wheat":15,"minecraft:beetroot":7,"minecraft:carrot":44,"minecraft:stick":9,"minecraft:potato":25,"minecraft:wooden_axe":2,"minecraft:string":1}},"DataVersion":3953}