{"stats":{"minecraft:picked_up":{"minecraft:stick":6,"minecraft:crafting_table":2,"minecraft:wheat":5,"minecraft:porkchop":5,"minecraft:spruce_sapling":2,"minecraft:spruce_log":26,"minecraft:string":1,"minecraft:blue_bed":2,"minecraft:purple_bed":1,"minecraft:wheat_seeds":18,"minecraft:sugar_cane":46,"minecraft:mutton":4,"minecraft:coal":20,"minecraft:white_wool":2,"minecraft:cobblestone":17},"minecraft:used":{"minecraft:bread":9,"minecraft:stone_pickaxe":33,"minecraft:wooden_pickaxe":4,"minecraft:blue_bed":1,"minecraft:stone_axe":35,"minecraft:cobblestone":4,"minecraft:crafting_table":2},"minecraft:killed":{"minecraft:sheep":2,"minecraft:pig":2,"minecraft:zombie":1,"minecraft:spider":1},"minecraft:mined":{"minecraft:large_fern":6,"minecraft:wheat":12,"minecraft:spruce_log":26,"minecraft:crafting_table":2,"minecraft:coal_ore":20,"minecraft:cobblestone":3,"minecraft:spruce_leaves":12,"minecraft:stone":14,"minecraft:sugar_cane":21,"minecraft:blue_bed":2},"minecraft:crafted":{"minecraft:crafting_table":1,"minecraft:spruce_planks":24,"minecraft:stick":8,"minecraft:wooden_pickaxe":1,"minecraft:stone_pickaxe":1,"minecraft:stone_axe":1},"minecraft:custom":{"minecraft:time_since_rest":10760,"minecraft:sprint_one_cm":95699,"minecraft:damage_taken":320,"minecraft:walk_one_cm":31910,"minecraft:mob_kills":6,"minecraft:damage_dealt":711,"minecraft:interact_with_crafting_table":4,"minecraft:swim_one_cm":17551,"minecraft:talked_to_villager":1,"minecraft:fly_one_cm":114541,"minecraft:open_chest":5,"minecraft:crouch_one_cm":997,"minecraft:play_time":23530,"minecraft:sneak_time":306,"minecraft:walk_under_water_one_cm":1924,"minecraft:jump":625,"minecraft:time_since_death":23530,"minecraft:walk_on_water_one_cm":6838,"minecraft:sleep_in_bed":1,"minecraft:total_world_time":23530,"minecraft:fall_one_cm":9759}},"DataVersion":3953}